test_absent_optional_content_differs_from_empty_content (test_phy_artifacts.PhyArtifactCacheTests.test_absent_optional_content_differs_from_empty_content) ... 
  test_absent_optional_content_differs_from_empty_content (test_phy_artifacts.PhyArtifactCacheTests.test_absent_optional_content_differs_from_empty_content) (input='source_text') ... FAIL
  test_absent_optional_content_differs_from_empty_content (test_phy_artifacts.PhyArtifactCacheTests.test_absent_optional_content_differs_from_empty_content) (input='result_json') ... FAIL
  test_absent_optional_content_differs_from_empty_content (test_phy_artifacts.PhyArtifactCacheTests.test_absent_optional_content_differs_from_empty_content) (input='trace_text') ... FAIL
test_checksum_index_requires_complete_local_file_set (test_phy_artifacts.PhyArtifactCacheTests.test_checksum_index_requires_complete_local_file_set) ... ERROR
test_each_material_input_changes_cache_identity (test_phy_artifacts.PhyArtifactCacheTests.test_each_material_input_changes_cache_identity) ... 
  test_each_material_input_changes_cache_identity (test_phy_artifacts.PhyArtifactCacheTests.test_each_material_input_changes_cache_identity) (input='contract_json') ... FAIL
  test_each_material_input_changes_cache_identity (test_phy_artifacts.PhyArtifactCacheTests.test_each_material_input_changes_cache_identity) (input='model_xml') ... FAIL
  test_each_material_input_changes_cache_identity (test_phy_artifacts.PhyArtifactCacheTests.test_each_material_input_changes_cache_identity) (input='result_json') ... FAIL
  test_each_material_input_changes_cache_identity (test_phy_artifacts.PhyArtifactCacheTests.test_each_material_input_changes_cache_identity) (input='trace_text') ... FAIL
  test_each_material_input_changes_cache_identity (test_phy_artifacts.PhyArtifactCacheTests.test_each_material_input_changes_cache_identity) (input='verifyta_command') ... FAIL
test_exported_text_retains_exact_utf8_and_mixed_newlines (test_phy_artifacts.PhyArtifactCacheTests.test_exported_text_retains_exact_utf8_and_mixed_newlines) ... 
  test_exported_text_retains_exact_utf8_and_mixed_newlines (test_phy_artifacts.PhyArtifactCacheTests.test_exported_text_retains_exact_utf8_and_mixed_newlines) (file='source.tex') ... FAIL
  test_exported_text_retains_exact_utf8_and_mixed_newlines (test_phy_artifacts.PhyArtifactCacheTests.test_exported_text_retains_exact_utf8_and_mixed_newlines) (file='model.xml') ... FAIL
  test_exported_text_retains_exact_utf8_and_mixed_newlines (test_phy_artifacts.PhyArtifactCacheTests.test_exported_text_retains_exact_utf8_and_mixed_newlines) (file='queries.q') ... FAIL
  test_exported_text_retains_exact_utf8_and_mixed_newlines (test_phy_artifacts.PhyArtifactCacheTests.test_exported_text_retains_exact_utf8_and_mixed_newlines) (file='trace.txt') ... FAIL
test_force_rebuilds_damaged_bundle_then_allows_a_hit (test_phy_artifacts.PhyArtifactCacheTests.test_force_rebuilds_damaged_bundle_then_allows_a_hit) ... ok
test_identical_export_reuses_complete_bundle_unchanged (test_phy_artifacts.PhyArtifactCacheTests.test_identical_export_reuses_complete_bundle_unchanged) ... FAIL
test_interrupted_export_cannot_be_reported_as_cache_hit (test_phy_artifacts.PhyArtifactCacheTests.test_interrupted_export_cannot_be_reported_as_cache_hit) ... FAIL
test_metadata_must_match_request_even_with_updated_checksum (test_phy_artifacts.PhyArtifactCacheTests.test_metadata_must_match_request_even_with_updated_checksum) ... ERROR
test_metadata_without_trace_matches_export_and_json_hash_is_canonical (test_phy_artifacts.PhyArtifactCacheTests.test_metadata_without_trace_matches_export_and_json_hash_is_canonical) ... ok
test_missing_or_changed_bundle_file_is_rejected_and_preserved (test_phy_artifacts.PhyArtifactCacheTests.test_missing_or_changed_bundle_file_is_rejected_and_preserved) ... 
  test_missing_or_changed_bundle_file_is_rejected_and_preserved (test_phy_artifacts.PhyArtifactCacheTests.test_missing_or_changed_bundle_file_is_rejected_and_preserved) (file='source.tex', action='missing') ... FAIL
  test_missing_or_changed_bundle_file_is_rejected_and_preserved (test_phy_artifacts.PhyArtifactCacheTests.test_missing_or_changed_bundle_file_is_rejected_and_preserved) (file='source.tex', action='changed') ... FAIL
  test_missing_or_changed_bundle_file_is_rejected_and_preserved (test_phy_artifacts.PhyArtifactCacheTests.test_missing_or_changed_bundle_file_is_rejected_and_preserved) (file='contract.json', action='missing') ... FAIL
  test_missing_or_changed_bundle_file_is_rejected_and_preserved (test_phy_artifacts.PhyArtifactCacheTests.test_missing_or_changed_bundle_file_is_rejected_and_preserved) (file='contract.json', action='changed') ... FAIL
  test_missing_or_changed_bundle_file_is_rejected_and_preserved (test_phy_artifacts.PhyArtifactCacheTests.test_missing_or_changed_bundle_file_is_rejected_and_preserved) (file='model.xml', action='missing') ... FAIL
  test_missing_or_changed_bundle_file_is_rejected_and_preserved (test_phy_artifacts.PhyArtifactCacheTests.test_missing_or_changed_bundle_file_is_rejected_and_preserved) (file='model.xml', action='changed') ... FAIL
  test_missing_or_changed_bundle_file_is_rejected_and_preserved (test_phy_artifacts.PhyArtifactCacheTests.test_missing_or_changed_bundle_file_is_rejected_and_preserved) (file='queries.q', action='missing') ... FAIL
  test_missing_or_changed_bundle_file_is_rejected_and_preserved (test_phy_artifacts.PhyArtifactCacheTests.test_missing_or_changed_bundle_file_is_rejected_and_preserved) (file='queries.q', action='changed') ... FAIL
  test_missing_or_changed_bundle_file_is_rejected_and_preserved (test_phy_artifacts.PhyArtifactCacheTests.test_missing_or_changed_bundle_file_is_rejected_and_preserved) (file='results.json', action='missing') ... FAIL
  test_missing_or_changed_bundle_file_is_rejected_and_preserved (test_phy_artifacts.PhyArtifactCacheTests.test_missing_or_changed_bundle_file_is_rejected_and_preserved) (file='results.json', action='changed') ... FAIL
  test_missing_or_changed_bundle_file_is_rejected_and_preserved (test_phy_artifacts.PhyArtifactCacheTests.test_missing_or_changed_bundle_file_is_rejected_and_preserved) (file='trace.txt', action='missing') ... FAIL
  test_missing_or_changed_bundle_file_is_rejected_and_preserved (test_phy_artifacts.PhyArtifactCacheTests.test_missing_or_changed_bundle_file_is_rejected_and_preserved) (file='trace.txt', action='changed') ... FAIL
  test_missing_or_changed_bundle_file_is_rejected_and_preserved (test_phy_artifacts.PhyArtifactCacheTests.test_missing_or_changed_bundle_file_is_rejected_and_preserved) (file='report.md', action='missing') ... FAIL
  test_missing_or_changed_bundle_file_is_rejected_and_preserved (test_phy_artifacts.PhyArtifactCacheTests.test_missing_or_changed_bundle_file_is_rejected_and_preserved) (file='report.md', action='changed') ... FAIL
  test_missing_or_changed_bundle_file_is_rejected_and_preserved (test_phy_artifacts.PhyArtifactCacheTests.test_missing_or_changed_bundle_file_is_rejected_and_preserved) (file='traceability_matrix.md', action='missing') ... FAIL
  test_missing_or_changed_bundle_file_is_rejected_and_preserved (test_phy_artifacts.PhyArtifactCacheTests.test_missing_or_changed_bundle_file_is_rejected_and_preserved) (file='traceability_matrix.md', action='changed') ... FAIL
  test_missing_or_changed_bundle_file_is_rejected_and_preserved (test_phy_artifacts.PhyArtifactCacheTests.test_missing_or_changed_bundle_file_is_rejected_and_preserved) (file='model_summary.md', action='missing') ... FAIL
  test_missing_or_changed_bundle_file_is_rejected_and_preserved (test_phy_artifacts.PhyArtifactCacheTests.test_missing_or_changed_bundle_file_is_rejected_and_preserved) (file='model_summary.md', action='changed') ... FAIL
  test_missing_or_changed_bundle_file_is_rejected_and_preserved (test_phy_artifacts.PhyArtifactCacheTests.test_missing_or_changed_bundle_file_is_rejected_and_preserved) (file='model_map.md', action='missing') ... FAIL
  test_missing_or_changed_bundle_file_is_rejected_and_preserved (test_phy_artifacts.PhyArtifactCacheTests.test_missing_or_changed_bundle_file_is_rejected_and_preserved) (file='model_map.md', action='changed') ... FAIL
  test_missing_or_changed_bundle_file_is_rejected_and_preserved (test_phy_artifacts.PhyArtifactCacheTests.test_missing_or_changed_bundle_file_is_rejected_and_preserved) (file='template_map.md', action='missing') ... FAIL
  test_missing_or_changed_bundle_file_is_rejected_and_preserved (test_phy_artifacts.PhyArtifactCacheTests.test_missing_or_changed_bundle_file_is_rejected_and_preserved) (file='template_map.md', action='changed') ... FAIL
  test_missing_or_changed_bundle_file_is_rejected_and_preserved (test_phy_artifacts.PhyArtifactCacheTests.test_missing_or_changed_bundle_file_is_rejected_and_preserved) (file='channels_map.md', action='missing') ... FAIL
  test_missing_or_changed_bundle_file_is_rejected_and_preserved (test_phy_artifacts.PhyArtifactCacheTests.test_missing_or_changed_bundle_file_is_rejected_and_preserved) (file='channels_map.md', action='changed') ... FAIL
  test_missing_or_changed_bundle_file_is_rejected_and_preserved (test_phy_artifacts.PhyArtifactCacheTests.test_missing_or_changed_bundle_file_is_rejected_and_preserved) (file='trace_explanation.md', action='missing') ... FAIL
  test_missing_or_changed_bundle_file_is_rejected_and_preserved (test_phy_artifacts.PhyArtifactCacheTests.test_missing_or_changed_bundle_file_is_rejected_and_preserved) (file='trace_explanation.md', action='changed') ... FAIL
  test_missing_or_changed_bundle_file_is_rejected_and_preserved (test_phy_artifacts.PhyArtifactCacheTests.test_missing_or_changed_bundle_file_is_rejected_and_preserved) (file='run_metadata.json', action='missing') ... FAIL
  test_missing_or_changed_bundle_file_is_rejected_and_preserved (test_phy_artifacts.PhyArtifactCacheTests.test_missing_or_changed_bundle_file_is_rejected_and_preserved) (file='run_metadata.json', action='changed') ... FAIL
test_timeout_does_not_reuse_or_overwrite_success (test_phy_artifacts.PhyArtifactCacheTests.test_timeout_does_not_reuse_or_overwrite_success) ... FAIL

======================================================================
ERROR: test_checksum_index_requires_complete_local_file_set (test_phy_artifacts.PhyArtifactCacheTests.test_checksum_index_requires_complete_local_file_set)
----------------------------------------------------------------------
Traceback (most recent call last):
  File "C:\Users\musta\.codex\worktrees\7b60\mcp_uppaal\tests\test_phy_artifacts.py", line 156, in test_checksum_index_requires_complete_local_file_set
    original = json.loads(index_path.read_text(encoding="utf-8"))
                          ^^^^^^^^^^^^^^^^^^^^^^^^^^^^^^^^^^^^^^
  File "C:\Users\musta\AppData\Local\Programs\Python\Python311\Lib\pathlib.py", line 1058, in read_text
    with self.open(mode='r', encoding=encoding, errors=errors) as f:
         ^^^^^^^^^^^^^^^^^^^^^^^^^^^^^^^^^^^^^^^^^^^^^^^^^^^^^
  File "C:\Users\musta\AppData\Local\Programs\Python\Python311\Lib\pathlib.py", line 1044, in open
    return io.open(self, mode, buffering, encoding, errors, newline)
           ^^^^^^^^^^^^^^^^^^^^^^^^^^^^^^^^^^^^^^^^^^^^^^^^^^^^^^^^^
FileNotFoundError: [Errno 2] No such file or directory: 'C:\\Users\\musta\\AppData\\Local\\Temp\\tmpp5s26ji2\\artifacts\\cache-5139cf0a628e5c00c0faf42d\\artifact_checksums.json'

======================================================================
ERROR: test_metadata_must_match_request_even_with_updated_checksum (test_phy_artifacts.PhyArtifactCacheTests.test_metadata_must_match_request_even_with_updated_checksum)
----------------------------------------------------------------------
Traceback (most recent call last):
  File "C:\Users\musta\.codex\worktrees\7b60\mcp_uppaal\tests\test_phy_artifacts.py", line 147, in test_metadata_must_match_request_even_with_updated_checksum
    index = json.loads(index_path.read_text(encoding="utf-8"))
                       ^^^^^^^^^^^^^^^^^^^^^^^^^^^^^^^^^^^^^^
  File "C:\Users\musta\AppData\Local\Programs\Python\Python311\Lib\pathlib.py", line 1058, in read_text
    with self.open(mode='r', encoding=encoding, errors=errors) as f:
         ^^^^^^^^^^^^^^^^^^^^^^^^^^^^^^^^^^^^^^^^^^^^^^^^^^^^^
  File "C:\Users\musta\AppData\Local\Programs\Python\Python311\Lib\pathlib.py", line 1044, in open
    return io.open(self, mode, buffering, encoding, errors, newline)
           ^^^^^^^^^^^^^^^^^^^^^^^^^^^^^^^^^^^^^^^^^^^^^^^^^^^^^^^^^
FileNotFoundError: [Errno 2] No such file or directory: 'C:\\Users\\musta\\AppData\\Local\\Temp\\tmpeyiwjp25\\artifacts\\cache-5139cf0a628e5c00c0faf42d\\artifact_checksums.json'

======================================================================
FAIL: test_absent_optional_content_differs_from_empty_content (test_phy_artifacts.PhyArtifactCacheTests.test_absent_optional_content_differs_from_empty_content) (input='source_text')
----------------------------------------------------------------------
Traceback (most recent call last):
  File "C:\Users\musta\.codex\worktrees\7b60\mcp_uppaal\tests\test_phy_artifacts.py", line 92, in test_absent_optional_content_differs_from_empty_content
    self.assertNotEqual(absent["run_id"], present["run_id"])
AssertionError: 'cache-2a8f08acb20a059740b53d0f' == 'cache-2a8f08acb20a059740b53d0f'

======================================================================
FAIL: test_absent_optional_content_differs_from_empty_content (test_phy_artifacts.PhyArtifactCacheTests.test_absent_optional_content_differs_from_empty_content) (input='result_json')
----------------------------------------------------------------------
Traceback (most recent call last):
  File "C:\Users\musta\.codex\worktrees\7b60\mcp_uppaal\tests\test_phy_artifacts.py", line 92, in test_absent_optional_content_differs_from_empty_content
    self.assertNotEqual(absent["run_id"], present["run_id"])
AssertionError: 'cache-5139cf0a628e5c00c0faf42d' == 'cache-5139cf0a628e5c00c0faf42d'

======================================================================
FAIL: test_absent_optional_content_differs_from_empty_content (test_phy_artifacts.PhyArtifactCacheTests.test_absent_optional_content_differs_from_empty_content) (input='trace_text')
----------------------------------------------------------------------
Traceback (most recent call last):
  File "C:\Users\musta\.codex\worktrees\7b60\mcp_uppaal\tests\test_phy_artifacts.py", line 92, in test_absent_optional_content_differs_from_empty_content
    self.assertNotEqual(absent["run_id"], present["run_id"])
AssertionError: 'cache-5139cf0a628e5c00c0faf42d' == 'cache-5139cf0a628e5c00c0faf42d'

======================================================================
FAIL: test_each_material_input_changes_cache_identity (test_phy_artifacts.PhyArtifactCacheTests.test_each_material_input_changes_cache_identity) (input='contract_json')
----------------------------------------------------------------------
Traceback (most recent call last):
  File "C:\Users\musta\.codex\worktrees\7b60\mcp_uppaal\tests\test_phy_artifacts.py", line 81, in test_each_material_input_changes_cache_identity
    self.assertFalse(other["cache_hit"])
AssertionError: True is not false

======================================================================
FAIL: test_each_material_input_changes_cache_identity (test_phy_artifacts.PhyArtifactCacheTests.test_each_material_input_changes_cache_identity) (input='model_xml')
----------------------------------------------------------------------
Traceback (most recent call last):
  File "C:\Users\musta\.codex\worktrees\7b60\mcp_uppaal\tests\test_phy_artifacts.py", line 81, in test_each_material_input_changes_cache_identity
    self.assertFalse(other["cache_hit"])
AssertionError: True is not false

======================================================================
FAIL: test_each_material_input_changes_cache_identity (test_phy_artifacts.PhyArtifactCacheTests.test_each_material_input_changes_cache_identity) (input='result_json')
----------------------------------------------------------------------
Traceback (most recent call last):
  File "C:\Users\musta\.codex\worktrees\7b60\mcp_uppaal\tests\test_phy_artifacts.py", line 81, in test_each_material_input_changes_cache_identity
    self.assertFalse(other["cache_hit"])
AssertionError: True is not false

======================================================================
FAIL: test_each_material_input_changes_cache_identity (test_phy_artifacts.PhyArtifactCacheTests.test_each_material_input_changes_cache_identity) (input='trace_text')
----------------------------------------------------------------------
Traceback (most recent call last):
  File "C:\Users\musta\.codex\worktrees\7b60\mcp_uppaal\tests\test_phy_artifacts.py", line 81, in test_each_material_input_changes_cache_identity
    self.assertFalse(other["cache_hit"])
AssertionError: True is not false

======================================================================
FAIL: test_each_material_input_changes_cache_identity (test_phy_artifacts.PhyArtifactCacheTests.test_each_material_input_changes_cache_identity) (input='verifyta_command')
----------------------------------------------------------------------
Traceback (most recent call last):
  File "C:\Users\musta\.codex\worktrees\7b60\mcp_uppaal\tests\test_phy_artifacts.py", line 81, in test_each_material_input_changes_cache_identity
    self.assertFalse(other["cache_hit"])
AssertionError: True is not false

======================================================================
FAIL: test_exported_text_retains_exact_utf8_and_mixed_newlines (test_phy_artifacts.PhyArtifactCacheTests.test_exported_text_retains_exact_utf8_and_mixed_newlines) (file='source.tex')
----------------------------------------------------------------------
Traceback (most recent call last):
  File "C:\Users\musta\.codex\worktrees\7b60\mcp_uppaal\tests\test_phy_artifacts.py", line 108, in test_exported_text_retains_exact_utf8_and_mixed_newlines
    self.assertEqual(data, changes[key].encode("utf-8"))
AssertionError: b'\xd[15 chars]d1\x82\xd0\xbe\xd1\x87\xd0\xbd\xd0\xb8\xd0\xba\r\r\nsecond\r\n' != b'\xd[15 chars]d1\x82\xd0\xbe\xd1\x87\xd0\xbd\xd0\xb8\xd0\xba\r\nsecond\n'

======================================================================
FAIL: test_exported_text_retains_exact_utf8_and_mixed_newlines (test_phy_artifacts.PhyArtifactCacheTests.test_exported_text_retains_exact_utf8_and_mixed_newlines) (file='model.xml')
----------------------------------------------------------------------
Traceback (most recent call last):
  File "C:\Users\musta\.codex\worktrees\7b60\mcp_uppaal\tests\test_phy_artifacts.py", line 108, in test_exported_text_retains_exact_utf8_and_mixed_newlines
    self.assertEqual(data, changes[key].encode("utf-8"))
AssertionError: b'<?x[33 chars]?>\r\r\n<!DOCTYPE nta PUBLIC "-//Uppaal Team//[126630 chars]\r\n' != b'<?x[33 chars]?>\r\n<!DOCTYPE nta PUBLIC "-//Uppaal Team//DT[121264 chars]a>\n'

======================================================================
FAIL: test_exported_text_retains_exact_utf8_and_mixed_newlines (test_phy_artifacts.PhyArtifactCacheTests.test_exported_text_retains_exact_utf8_and_mixed_newlines) (file='queries.q')
----------------------------------------------------------------------
Traceback (most recent call last):
  File "C:\Users\musta\.codex\worktrees\7b60\mcp_uppaal\tests\test_phy_artifacts.py", line 108, in test_exported_text_retains_exact_utf8_and_mixed_newlines
    self.assertEqual(data, changes[key].encode("utf-8"))
AssertionError: b'// [28 chars]\xb2\xd0\xb5\xd1\x80\xd0\xba\xd0\xb0\r\r\nA[] not deadlock\r\n' != b'// [28 chars]\xb2\xd0\xb5\xd1\x80\xd0\xba\xd0\xb0\r\nA[] not deadlock\n'

======================================================================
FAIL: test_exported_text_retains_exact_utf8_and_mixed_newlines (test_phy_artifacts.PhyArtifactCacheTests.test_exported_text_retains_exact_utf8_and_mixed_newlines) (file='trace.txt')
----------------------------------------------------------------------
Traceback (most recent call last):
  File "C:\Users\musta\.codex\worktrees\7b60\mcp_uppaal\tests\test_phy_artifacts.py", line 108, in test_exported_text_retains_exact_utf8_and_mixed_newlines
    self.assertEqual(data, changes[key].encode("utf-8"))
AssertionError: b'State: A_CH.ChannelAvailable\r\r\n\r\n' != b'State: A_CH.ChannelAvailable\r\n\n'

======================================================================
FAIL: test_identical_export_reuses_complete_bundle_unchanged (test_phy_artifacts.PhyArtifactCacheTests.test_identical_export_reuses_complete_bundle_unchanged)
----------------------------------------------------------------------
Traceback (most recent call last):
  File "C:\Users\musta\.codex\worktrees\7b60\mcp_uppaal\tests\test_phy_artifacts.py", line 50, in test_identical_export_reuses_complete_bundle_unchanged
    self.assertIn("artifact_checksums.json", original)
AssertionError: 'artifact_checksums.json' not found in {'source.tex': b'Synthetic source\r\n', 'contract.json': b'{\r\n  "source_name": "PHY_level_formalization_reviewed-2026-06-06-143000.tex",\r\n  "phy_components": [\r\n    "A_CH",\r\n    "A_SIG",\r\n    "A_BM",\r\n    "A_SQ",\r\n    "A_PH"\r\n  ],\r\n  "env_components": [\r\n    "ENV_CH",\r\n    "ENV_TARGET",\r\n    "ENV_MAC",\r\n    "ENV_NET"\r\n  ],\r\n  "classes": [\r\n    {\r\n      "name": "SINRClass",\r\n      "values": [\r\n        "OUTAGE",\r\n        "LOW",\r\n        "OK",\r\n        "HIGH"\r\n      ],\r\n      "provenance": {\r\n        "source": "PHY_level_formalization_reviewed-2026-06-06-143000.tex",\r\n        "section": "alpha_PHY/X_disc",\r\n        "line": 170\r\n      }\r\n    },\r\n    {\r\n      "name": "BLERClass",\r\n      "values": [\r\n        "OK",\r\n        "HIGH",\r\n        "CRITICAL"\r\n      ],\r\n      "provenance": {\r\n        "source": "PHY_level_formalization_reviewed-2026-06-06-143000.tex",\r\n        "section": "alpha_PHY/X_disc",\r\n        "line": 193\r\n      }\r\n    },\r\n    {\r\n      "name": "CQIClass",\r\n      "values": [\r\n        "GOOD",\r\n        "LIMITED",\r\n        "BAD"\r\n      ],\r\n      "provenance": {\r\n        "source": "PHY_level_formalization_reviewed-2026-06-06-143000.tex",\r\n        "section": "alpha_PHY/X_disc",\r\n        "line": 194\r\n      }\r\n    },\r\n    {\r\n      "name": "IClass",\r\n      "values": [\r\n        "OK",\r\n        "HIGH",\r\n        "CRITICAL"\r\n      ],\r\n      "provenance": {\r\n        "source": "PHY_level_formalization_reviewed-2026-06-06-143000.tex",\r\n        "section": "alpha_PHY/X_disc",\r\n        "line": 195\r\n      }\r\n    },\r\n    {\r\n      "name": "DopplerClass",\r\n      "values": [\r\n        "OK",\r\n        "HIGH"\r\n      ],\r\n      "provenance": {\r\n        "source": "PHY_level_formalization_reviewed-2026-06-06-143000.tex",\r\n        "section": "alpha_PHY/X_disc",\r\n        "line": 196\r\n      }\r\n    },\r\n    {\r\n      "name": "DelaySpreadClass",\r\n      "values": [\r\n        "OK",\r\n        "HIGH"\r\n      ],\r\n      "provenance": {\r\n        "source": "PHY_level_formalization_reviewed-2026-06-06-143000.tex",\r\n        "section": "alpha_PHY/X_disc",\r\n        "line": 197\r\n      }\r\n    },\r\n    {\r\n      "name": "PowerClass",\r\n      "values": [\r\n        "OK",\r\n        "LOW",\r\n        "ABSENT"\r\n      ],\r\n      "provenance": {\r\n        "source": "PHY_level_formalization_reviewed-2026-06-06-143000.tex",\r\n        "section": "alpha_PHY/X_disc",\r\n        "line": 198\r\n      }\r\n    },\r\n    {\r\n      "name": "DRTClass",\r\n      "values": [\r\n        "OK",\r\n        "BAD"\r\n      ],\r\n      "provenance": {\r\n        "source": "PHY_level_formalization_reviewed-2026-06-06-143000.tex",\r\n        "section": "alpha_PHY/X_disc",\r\n        "line": 199\r\n      }\r\n    },\r\n    {\r\n      "name": "PilotDensityClass",\r\n      "values": [\r\n        "OK",\r\n        "LOW",\r\n        "FAILED"\r\n      ],\r\n      "provenance": {\r\n        "source": "PHY_level_formalization_reviewed-2026-06-06-143000.tex",\r\n        "section": "alpha_PHY/X_disc",\r\n        "line": 200\r\n      }\r\n    },\r\n    {\r\n      "name": "PayloadSenseClass",\r\n      "values": [\r\n        "OK",\r\n        "LIMITED",\r\n        "FAILED"\r\n      ],\r\n      "provenance": {\r\n        "source": "PHY_level_formalization_reviewed-2026-06-06-143000.tex",\r\n        "section": "alpha_PHY/X_disc",\r\n        "line": 201\r\n      }\r\n    },\r\n    {\r\n      "name": "PRSClass",\r\n      "values": [\r\n        "OK",\r\n        "LIMITED",\r\n        "FAILED"\r\n      ],\r\n      "provenance": {\r\n        "source": "PHY_level_formalization_reviewed-2026-06-06-143000.tex",\r\n        "section": "alpha_PHY/X_disc",\r\n        "line": 202\r\n      }\r\n    },\r\n    {\r\n      "name": "BeamErrorClass",\r\n      "values": [\r\n        "LOCKABLE",\r\n        "UNSTABLE",\r\n        "CRITICAL"\r\n      ],\r\n      "provenance": {\r\n        "source": "PHY_level_formalization_reviewed-2026-06-06-143000.tex",\r\n        "section": "alpha_PHY/X_disc",\r\n        "line": 203\r\n      }\r\n    },\r\n    {\r\n      "name": "BlockageClass",\r\n      "values": [\r\n        "NONE",\r\n        "SUSPECTED",\r\n        "CONFIRMED"\r\n      ],\r\n      "provenance": {\r\n        "source": "PHY_level_formalization_reviewed-2026-06-06-143000.tex",\r\n        "section": "alpha_PHY/X_disc",\r\n        "line": 204\r\n      }\r\n    },\r\n    {\r\n      "name": "PdClass",\r\n      "values": [\r\n        "OK",\r\n        "LOW",\r\n        "FAILED"\r\n      ],\r\n      "provenance": {\r\n        "source": "PHY_level_formalization_reviewed-2026-06-06-143000.tex",\r\n        "section": "alpha_PHY/X_disc",\r\n        "line": 205\r\n      }\r\n    },\r\n    {\r\n      "name": "RfaClass",\r\n      "values": [\r\n        "OK",\r\n        "HIGH",\r\n        "CRITICAL"\r\n      ],\r\n      "provenance": {\r\n        "source": "PHY_level_formalization_reviewed-2026-06-06-143000.tex",\r\n        "section": "alpha_PHY/X_disc",\r\n        "line": 206\r\n      }\r\n    },\r\n    {\r\n      "name": "AccClass",\r\n      "values": [\r\n        "OK",\r\n        "LIMITED",\r\n        "FAILED"\r\n      ],\r\n      "provenance": {\r\n        "source": "PHY_level_formalization_reviewed-2026-06-06-143000.tex",\r\n        "section": "alpha_PHY/X_disc",\r\n        "line": 207\r\n      }\r\n    },\r\n    {\r\n      "name": "CRBClass",\r\n      "values": [\r\n        "OK",\r\n        "LOOSE",\r\n        "UNUSABLE"\r\n      ],\r\n      "provenance": {\r\n        "source": "PHY_level_formalization_reviewed-2026-06-06-143000.tex",\r\n        "section": "alpha_PHY/X_disc",\r\n        "line": 208\r\n      }\r\n    },\r\n    {\r\n      "name": "AoSClass",\r\n      "values": [\r\n        "FRESH",\r\n        "STALE",\r\n        "EXPIRED"\r\n      ],\r\n      "provenance": {\r\n        "source": "PHY_level_formalization_reviewed-2026-06-06-143000.tex",\r\n        "section": "alpha_PHY/X_disc",\r\n        "line": 209\r\n      }\r\n    },\r\n    {\r\n      "name": "CapClass",\r\n      "values": [\r\n        "OK",\r\n        "LIMITED",\r\n        "FAILED"\r\n      ],\r\n      "provenance": {\r\n        "source": "PHY_level_formalization_reviewed-2026-06-06-143000.tex",\r\n        "section": "alpha_PHY/X_disc",\r\n        "line": 210\r\n      }\r\n    },\r\n    {\r\n      "name": "CoverageClass",\r\n      "values": [\r\n        "OK",\r\n        "LIMITED",\r\n        "FAILED"\r\n      ],\r\n      "provenance": {\r\n        "source": "PHY_level_formalization_reviewed-2026-06-06-143000.tex",\r\n        "section": "alpha_PHY/X_disc",\r\n        "line": 211\r\n      }\r\n    },\r\n    {\r\n      "name": "ResourceShareClass",\r\n      "values": [\r\n        "OK",\r\n        "LIMITED",\r\n        "STARVED"\r\n      ],\r\n      "provenance": {\r\n        "source": "PHY_level_formalization_reviewed-2026-06-06-143000.tex",\r\n        "section": "alpha_PHY/X_disc",\r\n        "line": 212\r\n      }\r\n    },\r\n    {\r\n      "name": "MisClass",\r\n      "values": [\r\n        "OK",\r\n        "WARN",\r\n        "CRITICAL"\r\n      ],\r\n      "provenance": {\r\n        "source": "PHY_level_formalization_reviewed-2026-06-06-143000.tex",\r\n        "section": "alpha_PHY/X_disc",\r\n        "line": 213\r\n      }\r\n    },\r\n    {\r\n      "name": "BMOverheadClass",\r\n      "values": [\r\n        "OK",\r\n        "HIGH",\r\n        "EXCESSIVE"\r\n      ],\r\n      "provenance": {\r\n        "source": "PHY_level_formalization_reviewed-2026-06-06-143000.tex",\r\n        "section": "alpha_PHY/X_disc",\r\n        "line": 214\r\n      }\r\n    },\r\n    {\r\n      "name": "ChannelClass",\r\n      "values": [\r\n        "NOMINAL",\r\n        "INTERFERENCE_LIMITED",\r\n        "MOBILITY_LIMITED",\r\n        "MULTIPATH_LIMITED",\r\n        "BLOCKAGE",\r\n        "OUTAGE"\r\n      ],\r\n      "provenance": {\r\n        "source": "PHY_level_formalization_reviewed-2026-06-06-143000.tex",\r\n        "section": "alpha_PHY/X_disc",\r\n        "line": 215\r\n      }\r\n    },\r\n    {\r\n      "name": "SignalClass",\r\n      "values": [\r\n        "NOMINAL",\r\n        "PILOT_BASED",\r\n        "PAYLOAD_ASSISTED",\r\n        "RECONFIGURING",\r\n        "LIMITED"\r\n      ],\r\n      "provenance": {\r\n        "source": "PHY_level_formalization_reviewed-2026-06-06-143000.tex",\r\n        "section": "alpha_PHY/X_disc",\r\n        "line": 217\r\n      }\r\n    },\r\n    {\r\n      "name": "BeamClass",\r\n      "values": [\r\n        "SEARCH",\r\n        "TRACK",\r\n        "LOCKED",\r\n        "PREDICT",\r\n        "MISALIGNED",\r\n        "RECOVERING",\r\n        "HO_ASSIST",\r\n        "FAILED"\r\n      ],\r\n      "provenance": {\r\n        "source": "PHY_level_formalization_reviewed-2026-06-06-143000.tex",\r\n        "section": "alpha_PHY/X_disc",\r\n        "line": 219\r\n      }\r\n    },\r\n    {\r\n      "name": "SensingState",\r\n      "values": [\r\n        "SensingQoSOk",\r\n        "ProbabilityLimited",\r\n        "FalseAlarmLimited",\r\n        "AccuracyLimited",\r\n        "FreshnessLimited",\r\n        "CoverageLimited",\r\n        "CapacityLimited",\r\n        "SensingFailure"\r\n      ],\r\n      "provenance": {\r\n        "source": "PHY_level_formalization_reviewed-2026-06-06-143000.tex",\r\n        "section": "alpha_PHY/X_disc",\r\n        "line": 221\r\n      }\r\n    },\r\n    {\r\n      "name": "PHYState",\r\n      "values": [\r\n        "PHYNormal",\r\n        "PHYCommunicationDegraded",\r\n        "PHYSensingDegraded",\r\n        "PHYJointDegraded",\r\n        "PHYRecovery",\r\n        "PHYFailure"\r\n      ],\r\n      "provenance": {\r\n        "source": "PHY_level_formalization_reviewed-2026-06-06-143000.tex",\r\n        "section": "alpha_PHY/X_disc",\r\n        "line": 225\r\n      }\r\n    }\r\n  ],\r\n  "clocks": [\r\n    {\r\n      "name": "c_meas",\r\n      "meaning": "age of last channel measurement",\r\n      "reset": "measure_tick?, channel_report!",\r\n      "provenance": {\r\n        "source": "PHY_level_formalization_reviewed-2026-06-06-143000.tex",\r\n        "section": "clocks",\r\n        "line": 283\r\n      }\r\n    },\r\n    {\r\n      "name": "c_sig",\r\n      "meaning": "duration of signal configuration",\r\n      "reset": "config commands, signal_report!",\r\n      "provenance": {\r\n        "source": "PHY_level_formalization_reviewed-2026-06-06-143000.tex",\r\n        "section": "clocks",\r\n        "line": 285\r\n      }\r\n    },\r\n    {\r\n      "name": "c_sense",\r\n      "meaning": "sensing state computation age",\r\n      "reset": "child reports, sensing_report!",\r\n      "provenance": {\r\n        "source": "PHY_level_formalization_reviewed-2026-06-06-143000.tex",\r\n        "section": "clocks",\r\n        "line": 287\r\n      }\r\n    },\r\n    {\r\n      "name": "c_report",\r\n      "meaning": "aggregated PHY report age",\r\n      "reset": "phy_kpi_report!",\r\n      "provenance": {\r\n        "source": "PHY_level_formalization_reviewed-2026-06-06-143000.tex",\r\n        "section": "clocks",\r\n        "line": 289\r\n      }\r\n    },\r\n    {\r\n      "name": "c_rec",\r\n      "meaning": "beam recovery duration",\r\n      "reset": "enter BeamRecover",\r\n      "provenance": {\r\n        "source": "PHY_level_formalization_reviewed-2026-06-06-143000.tex",\r\n        "section": "clocks",\r\n        "line": 291\r\n      }\r\n    },\r\n    {\r\n      "name": "c_ssb",\r\n      "meaning": "SSB/beam-search window duration",\r\n      "reset": "enter BeamSearch or ssb_burst_config?",\r\n      "provenance": {\r\n        "source": "PHY_level_formalization_reviewed-2026-06-06-143000.tex",\r\n        "section": "clocks",\r\n        "line": 293\r\n      }\r\n    },\r\n    {\r\n      "name": "aos_bs",\r\n      "meaning": "local Age of Sensing at BS",\r\n      "reset": "sensing_success!",\r\n      "provenance": {\r\n        "source": "PHY_level_formalization_reviewed-2026-06-06-143000.tex",\r\n        "section": "clocks",\r\n        "line": 295\r\n      }\r\n    },\r\n    {\r\n      "name": "aos_ctrl",\r\n      "meaning": "Age of Sensing at controller",\r\n      "reset": "controller_report_delivered?",\r\n      "provenance": {\r\n        "source": "PHY_level_formalization_reviewed-2026-06-06-143000.tex",\r\n        "section": "clocks",\r\n        "line": 297\r\n      }\r\n    },\r\n    {\r\n      "name": "c_obs",\r\n      "meaning": "observer deadline clock",\r\n      "reset": "enter observer wait state",\r\n      "provenance": {\r\n        "source": "PHY_level_formalization_reviewed-2026-06-06-143000.tex",\r\n        "section": "clocks",\r\n        "line": 300\r\n      }\r\n    }\r\n  ],\r\n  "channels": [\r\n    {\r\n      "name": "measure_tick",\r\n      "kind": "handshake",\r\n      "role": "environment/MAC/SDN command",\r\n      "provenance": {\r\n        "source": "PHY_level_formalization_reviewed-2026-06-06-143000.tex",\r\n        "section": "channels",\r\n        "line": 319\r\n      }\r\n    },\r\n    {\r\n      "name": "pilot_config",\r\n      "kind": "handshake",\r\n      "role": "environment/MAC/SDN command",\r\n      "provenance": {\r\n        "source": "PHY_level_formalization_reviewed-2026-06-06-143000.tex",\r\n        "section": "channels",\r\n        "line": 319\r\n      }\r\n    },\r\n    {\r\n      "name": "prs_config",\r\n      "kind": "handshake",\r\n      "role": "environment/MAC/SDN command",\r\n      "provenance": {\r\n        "source": "PHY_level_formalization_reviewed-2026-06-06-143000.tex",\r\n        "section": "channels",\r\n        "line": 319\r\n      }\r\n    },\r\n    {\r\n      "name": "ssb_burst_config",\r\n      "kind": "handshake",\r\n      "role": "environment/MAC/SDN command",\r\n      "provenance": {\r\n        "source": "PHY_level_formalization_reviewed-2026-06-06-143000.tex",\r\n        "section": "channels",\r\n        "line": 319\r\n      }\r\n    },\r\n    {\r\n      "name": "waveform_config",\r\n      "kind": "handshake",\r\n      "role": "environment/MAC/SDN command",\r\n      "provenance": {\r\n        "source": "PHY_level_formalization_reviewed-2026-06-06-143000.tex",\r\n        "section": "channels",\r\n        "line": 319\r\n      }\r\n    },\r\n    {\r\n      "name": "payload_sensing_config",\r\n      "kind": "handshake",\r\n      "role": "environment/MAC/SDN command",\r\n      "provenance": {\r\n        "source": "PHY_level_formalization_reviewed-2026-06-06-143000.tex",\r\n        "section": "channels",\r\n        "line": 319\r\n      }\r\n    },\r\n    {\r\n      "name": "beam_cmd",\r\n      "kind": "handshake",\r\n      "role": "environment/MAC/SDN command",\r\n      "provenance": {\r\n        "source": "PHY_level_formalization_reviewed-2026-06-06-143000.tex",\r\n        "section": "channels",\r\n        "line": 319\r\n      }\r\n    },\r\n    {\r\n      "name": "extra_ssb_cmd",\r\n      "kind": "handshake",\r\n      "role": "environment/MAC/SDN command",\r\n      "provenance": {\r\n        "source": "PHY_level_formalization_reviewed-2026-06-06-143000.tex",\r\n        "section": "channels",\r\n        "line": 319\r\n      }\r\n    },\r\n    {\r\n      "name": "handover_assist_cmd",\r\n      "kind": "handshake",\r\n      "role": "environment/MAC/SDN command",\r\n      "provenance": {\r\n        "source": "PHY_level_formalization_reviewed-2026-06-06-143000.tex",\r\n        "section": "channels",\r\n        "line": 319\r\n      }\r\n    },\r\n    {\r\n      "name": "power_cmd",\r\n      "kind": "handshake",\r\n      "role": "environment/MAC/SDN command",\r\n      "provenance": {\r\n        "source": "PHY_level_formalization_reviewed-2026-06-06-143000.tex",\r\n        "section": "channels",\r\n        "line": 319\r\n      }\r\n    },\r\n    {\r\n      "name": "sensing_mode_cmd",\r\n      "kind": "handshake",\r\n      "role": "environment/MAC/SDN command",\r\n      "provenance": {\r\n        "source": "PHY_level_formalization_reviewed-2026-06-06-143000.tex",\r\n        "section": "channels",\r\n        "line": 319\r\n      }\r\n    },\r\n    {\r\n      "name": "recovery_cmd",\r\n      "kind": "handshake",\r\n      "role": "environment/MAC/SDN command",\r\n      "provenance": {\r\n        "source": "PHY_level_formalization_reviewed-2026-06-06-143000.tex",\r\n        "section": "channels",\r\n        "line": 319\r\n      }\r\n    },\r\n    {\r\n      "name": "new_beam_confirmed",\r\n      "kind": "handshake",\r\n      "role": "environment/MAC/SDN command",\r\n      "provenance": {\r\n        "source": "PHY_level_formalization_reviewed-2026-06-06-143000.tex",\r\n        "section": "channels",\r\n        "line": 319\r\n      }\r\n    },\r\n    {\r\n      "name": "mac_report_delivered",\r\n      "kind": "handshake",\r\n      "role": "environment/MAC/SDN command",\r\n      "provenance": {\r\n        "source": "PHY_level_formalization_reviewed-2026-06-06-143000.tex",\r\n        "section": "channels",\r\n        "line": 319\r\n      }\r\n    },\r\n    {\r\n      "name": "controller_report_delivered",\r\n      "kind": "handshake",\r\n      "role": "environment/MAC/SDN command",\r\n      "provenance": {\r\n        "source": "PHY_level_formalization_reviewed-2026-06-06-143000.tex",\r\n        "section": "channels",\r\n        "line": 319\r\n      }\r\n    },\r\n    {\r\n      "name": "channel_report",\r\n      "kind": "broadcast",\r\n      "role": "report notification",\r\n      "provenance": {\r\n        "source": "PHY_level_formalization_reviewed-2026-06-06-143000.tex",\r\n        "section": "channels",\r\n        "line": 325\r\n      }\r\n    },\r\n    {\r\n      "name": "signal_report",\r\n      "kind": "broadcast",\r\n      "role": "report notification",\r\n      "provenance": {\r\n        "source": "PHY_level_formalization_reviewed-2026-06-06-143000.tex",\r\n        "section": "channels",\r\n        "line": 325\r\n      }\r\n    },\r\n    {\r\n      "name": "beam_report",\r\n      "kind": "broadcast",\r\n      "role": "report notification",\r\n      "provenance": {\r\n        "source": "PHY_level_formalization_reviewed-2026-06-06-143000.tex",\r\n        "section": "channels",\r\n        "line": 325\r\n      }\r\n    },\r\n    {\r\n      "name": "sensing_report",\r\n      "kind": "broadcast",\r\n      "role": "report notification",\r\n      "provenance": {\r\n        "source": "PHY_level_formalization_reviewed-2026-06-06-143000.tex",\r\n        "section": "channels",\r\n        "line": 325\r\n      }\r\n    },\r\n    {\r\n      "name": "phy_kpi_report",\r\n      "kind": "broadcast",\r\n      "role": "report notification",\r\n      "provenance": {\r\n        "source": "PHY_level_formalization_reviewed-2026-06-06-143000.tex",\r\n        "section": "channels",\r\n        "line": 325\r\n      }\r\n    },\r\n    {\r\n      "name": "channel_degraded",\r\n      "kind": "broadcast",\r\n      "role": "diagnostic/degradation/recovery event",\r\n      "provenance": {\r\n        "source": "PHY_level_formalization_reviewed-2026-06-06-143000.tex",\r\n        "section": "channels",\r\n        "line": 329\r\n      }\r\n    },\r\n    {\r\n      "name": "signal_degraded",\r\n      "kind": "broadcast",\r\n      "role": "diagnostic/degradation/recovery event",\r\n      "provenance": {\r\n        "source": "PHY_level_formalization_reviewed-2026-06-06-143000.tex",\r\n        "section": "channels",\r\n        "line": 329\r\n      }\r\n    },\r\n    {\r\n      "name": "beam_misaligned",\r\n      "kind": "broadcast",\r\n      "role": "diagnostic/degradation/recovery event",\r\n      "provenance": {\r\n        "source": "PHY_level_formalization_reviewed-2026-06-06-143000.tex",\r\n        "section": "channels",\r\n        "line": 329\r\n      }\r\n    },\r\n    {\r\n      "name": "beam_failure",\r\n      "kind": "broadcast",\r\n      "role": "diagnostic/degradation/recovery event",\r\n      "provenance": {\r\n        "source": "PHY_level_formalization_reviewed-2026-06-06-143000.tex",\r\n        "section": "channels",\r\n        "line": 329\r\n      }\r\n    },\r\n    {\r\n      "name": "sensing_degraded",\r\n      "kind": "broadcast",\r\n      "role": "diagnostic/degradation/recovery event",\r\n      "provenance": {\r\n        "source": "PHY_level_formalization_reviewed-2026-06-06-143000.tex",\r\n        "section": "channels",\r\n        "line": 329\r\n      }\r\n    },\r\n    {\r\n      "name": "phy_outage",\r\n      "kind": "broadcast",\r\n      "role": "diagnostic/degradation/recovery event",\r\n      "provenance": {\r\n        "source": "PHY_level_formalization_reviewed-2026-06-06-143000.tex",\r\n        "section": "channels",\r\n        "line": 329\r\n      }\r\n    },\r\n    {\r\n      "name": "degradation_event",\r\n      "kind": "broadcast",\r\n      "role": "diagnostic/degradation/recovery event",\r\n      "provenance": {\r\n        "source": "PHY_level_formalization_reviewed-2026-06-06-143000.tex",\r\n        "section": "channels",\r\n        "line": 329\r\n      }\r\n    },\r\n    {\r\n      "name": "recovery_event",\r\n      "kind": "broadcast",\r\n      "role": "diagnostic/degradation/recovery event",\r\n      "provenance": {\r\n        "source": "PHY_level_formalization_reviewed-2026-06-06-143000.tex",\r\n        "section": "channels",\r\n        "line": 329\r\n      }\r\n    },\r\n    {\r\n      "name": "mobility_alert",\r\n      "kind": "broadcast",\r\n      "role": "diagnostic/degradation/recovery event",\r\n      "provenance": {\r\n        "source": "PHY_level_formalization_reviewed-2026-06-06-143000.tex",\r\n        "section": "channels",\r\n        "line": 329\r\n      }\r\n    },\r\n    {\r\n      "name": "multipath_alert",\r\n      "kind": "broadcast",\r\n      "role": "diagnostic/degradation/recovery event",\r\n      "provenance": {\r\n        "source": "PHY_level_formalization_reviewed-2026-06-06-143000.tex",\r\n        "section": "channels",\r\n        "line": 329\r\n      }\r\n    },\r\n    {\r\n      "name": "blockage_detected",\r\n      "kind": "broadcast",\r\n      "role": "diagnostic/degradation/recovery event",\r\n      "provenance": {\r\n        "source": "PHY_level_formalization_reviewed-2026-06-06-143000.tex",\r\n        "section": "channels",\r\n        "line": 329\r\n      }\r\n    },\r\n    {\r\n      "name": "beam_locked",\r\n      "kind": "broadcast",\r\n      "role": "diagnostic/degradation/recovery event",\r\n      "provenance": {\r\n        "source": "PHY_level_formalization_reviewed-2026-06-06-143000.tex",\r\n        "section": "channels",\r\n        "line": 329\r\n      }\r\n    },\r\n    {\r\n      "name": "beam_restored",\r\n      "kind": "broadcast",\r\n      "role": "diagnostic/degradation/recovery event",\r\n      "provenance": {\r\n        "source": "PHY_level_formalization_reviewed-2026-06-06-143000.tex",\r\n        "section": "channels",\r\n        "line": 329\r\n      }\r\n    },\r\n    {\r\n      "name": "handover_hint",\r\n      "kind": "broadcast",\r\n      "role": "diagnostic/degradation/recovery event",\r\n      "provenance": {\r\n        "source": "PHY_level_formalization_reviewed-2026-06-06-143000.tex",\r\n        "section": "channels",\r\n        "line": 329\r\n      }\r\n    },\r\n    {\r\n      "name": "sensing_failure",\r\n      "kind": "broadcast",\r\n      "role": "diagnostic/degradation/recovery event",\r\n      "provenance": {\r\n        "source": "PHY_level_formalization_reviewed-2026-06-06-143000.tex",\r\n        "section": "channels",\r\n        "line": 329\r\n      }\r\n    },\r\n    {\r\n      "name": "phy_failure",\r\n      "kind": "broadcast",\r\n      "role": "diagnostic/degradation/recovery event",\r\n      "provenance": {\r\n        "source": "PHY_level_formalization_reviewed-2026-06-06-143000.tex",\r\n        "section": "channels",\r\n        "line": 329\r\n      }\r\n    },\r\n    {\r\n      "name": "sensing_success",\r\n      "kind": "broadcast",\r\n      "role": "diagnostic/degradation/recovery event",\r\n      "provenance": {\r\n        "source": "PHY_level_formalization_reviewed-2026-06-06-143000.tex",\r\n        "section": "channels",\r\n        "line": 329\r\n      }\r\n    },\r\n    {\r\n      "name": "aos_ctrl_expired",\r\n      "kind": "broadcast",\r\n      "role": "diagnostic/degradation/recovery event",\r\n      "provenance": {\r\n        "source": "PHY_level_formalization_reviewed-2026-06-06-143000.tex",\r\n        "section": "channels",\r\n        "line": 329\r\n      }\r\n    },\r\n    {\r\n      "name": "recovery_start",\r\n      "kind": "broadcast",\r\n      "role": "diagnostic/degradation/recovery event",\r\n      "provenance": {\r\n        "source": "PHY_level_formalization_reviewed-2026-06-06-143000.tex",\r\n        "section": "channels",\r\n        "line": 329\r\n      }\r\n    },\r\n    {\r\n      "name": "target_detected",\r\n      "kind": "broadcast",\r\n      "role": "diagnostic/degradation/recovery event",\r\n      "provenance": {\r\n        "source": "PHY_level_formalization_reviewed-2026-06-06-143000.tex",\r\n        "section": "channels",\r\n        "line": 329\r\n      }\r\n    },\r\n    {\r\n      "name": "contract_violation_ch",\r\n      "kind": "broadcast",\r\n      "role": "diagnostic/degradation/recovery event",\r\n      "provenance": {\r\n        "source": "PHY_level_formalization_reviewed-2026-06-06-143000.tex",\r\n        "section": "channels",\r\n        "line": 329\r\n      }\r\n    },\r\n    {\r\n      "name": "contract_violation_sig",\r\n      "kind": "broadcast",\r\n      "role": "diagnostic/degradation/recovery event",\r\n      "provenance": {\r\n        "source": "PHY_level_formalization_reviewed-2026-06-06-143000.tex",\r\n        "section": "channels",\r\n        "line": 329\r\n      }\r\n    },\r\n    {\r\n      "name": "contract_violation_bm",\r\n      "kind": "broadcast",\r\n      "role": "diagnostic/degradation/recovery event",\r\n      "provenance": {\r\n        "source": "PHY_level_formalization_reviewed-2026-06-06-143000.tex",\r\n        "section": "channels",\r\n        "line": 329\r\n      }\r\n    },\r\n    {\r\n      "name": "contract_violation_sq",\r\n      "kind": "broadcast",\r\n      "role": "diagnostic/degradation/recovery event",\r\n      "provenance": {\r\n        "source": "PHY_level_formalization_reviewed-2026-06-06-143000.tex",\r\n        "section": "channels",\r\n        "line": 329\r\n      }\r\n    },\r\n    {\r\n      "name": "contract_violation_ph",\r\n      "kind": "broadcast",\r\n      "role": "diagnostic/degradation/recovery event",\r\n      "provenance": {\r\n        "source": "PHY_level_formalization_reviewed-2026-06-06-143000.tex",\r\n        "section": "channels",\r\n        "line": 329\r\n      }\r\n    }\r\n  ],\r\n  "automata": [\r\n    {\r\n      "name": "A_CH",\r\n      "initial": "ChannelNominal",\r\n      "locations": [\r\n        {\r\n          "name": "MeasurePending",\r\n          "invariant": null,\r\n          "provenance": null\r\n        },\r\n        {\r\n          "name": "ChannelNominal",\r\n          "invariant": null,\r\n          "provenance": null\r\n        },\r\n        {\r\n          "name": "InterferenceLimited",\r\n          "invariant": null,\r\n          "provenance": null\r\n        },\r\n        {\r\n          "name": "MobilityLimited",\r\n          "invariant": null,\r\n          "provenance": null\r\n        },\r\n        {\r\n          "name": "MultipathLimited",\r\n          "invariant": null,\r\n          "provenance": null\r\n        },\r\n        {\r\n          "name": "Blockage",\r\n          "invariant": null,\r\n          "provenance": null\r\n        },\r\n        {\r\n          "name": "Outage",\r\n          "invariant": null,\r\n          "provenance": null\r\n        },\r\n        {\r\n          "name": "ContractViolation_CH",\r\n          "invariant": null,\r\n          "provenance": null\r\n        }\r\n      ],\r\n      "transitions": [],\r\n      "assumptions": [\r\n        "measurements refreshed not later than T_meas + J_meas",\r\n        "class inputs are in declared enum ranges"\r\n      ],\r\n      "guarantees": [\r\n        "channel_report! within D_meas",\r\n        "ChannelClass follows priority prio_CH"\r\n      ],\r\n      "provenance": {\r\n        "source": "PHY_level_formalization_reviewed-2026-06-06-143000.tex",\r\n        "section": "A_CH",\r\n        "line": 377\r\n      }\r\n    },\r\n    {\r\n      "name": "A_SIG",\r\n      "initial": "SignalNominal",\r\n      "locations": [\r\n        {\r\n          "name": "SignalNominal",\r\n          "invariant": null,\r\n          "provenance": null\r\n        },\r\n        {\r\n          "name": "PilotBasedSensing",\r\n          "invariant": null,\r\n          "provenance": null\r\n        },\r\n        {\r\n          "name": "PayloadAssistedSensing",\r\n          "invariant": null,\r\n          "provenance": null\r\n        },\r\n        {\r\n          "name": "SignalReconfiguring",\r\n          "invariant": null,\r\n          "provenance": null\r\n        },\r\n        {\r\n          "name": "SignalLimited",\r\n          "invariant": null,\r\n          "provenance": null\r\n        },\r\n        {\r\n          "name": "ContractViolation_SIG",\r\n          "invariant": null,\r\n          "provenance": null\r\n        }\r\n      ],\r\n      "transitions": [],\r\n      "assumptions": [\r\n        "MAC/SDN provides admissible waveform and pilot configuration"\r\n      ],\r\n      "guarantees": [\r\n        "signal_report! within D_sig",\r\n        "waveform W is a variable, not a location"\r\n      ],\r\n      "provenance": {\r\n        "source": "PHY_level_formalization_reviewed-2026-06-06-143000.tex",\r\n        "section": "A_SIG",\r\n        "line": 444\r\n      }\r\n    },\r\n    {\r\n      "name": "A_BM",\r\n      "initial": "BeamSearch",\r\n      "locations": [\r\n        {\r\n          "name": "BeamSearch",\r\n          "invariant": null,\r\n          "provenance": null\r\n        },\r\n        {\r\n          "name": "BeamSearchSeen",\r\n          "invariant": null,\r\n          "provenance": null\r\n        },\r\n        {\r\n          "name": "BeamTrack",\r\n          "invariant": null,\r\n          "provenance": null\r\n        },\r\n        {\r\n          "name": "BeamLock",\r\n          "invariant": null,\r\n          "provenance": null\r\n        },\r\n        {\r\n          "name": "BeamPredict",\r\n          "invariant": null,\r\n          "provenance": null\r\n        },\r\n        {\r\n          "name": "BeamMisalign",\r\n          "invariant": null,\r\n          "provenance": null\r\n        },\r\n        {\r\n          "name": "BeamRecoveryStart",\r\n          "invariant": null,\r\n          "provenance": null\r\n        },\r\n        {\r\n          "name": "BeamRecover",\r\n          "invariant": "c_rec <= D_BM",\r\n          "provenance": null\r\n        },\r\n        {\r\n          "name": "BeamHOAssist",\r\n          "invariant": null,\r\n          "provenance": null\r\n        },\r\n        {\r\n          "name": "BeamFailed",\r\n          "invariant": null,\r\n          "provenance": null\r\n        },\r\n        {\r\n          "name": "ContractViolation_BM",\r\n          "invariant": null,\r\n          "provenance": null\r\n        }\r\n      ],\r\n      "transitions": [],\r\n      "assumptions": [\r\n        "beam commands and SSB/PRS configuration are finite and admissible"\r\n      ],\r\n      "guarantees": [\r\n        "recovery outcome no later than c_rec == D_BM",\r\n        "no c_rec > D_BM transition under BeamRecover invariant"\r\n      ],\r\n      "provenance": {\r\n        "source": "PHY_level_formalization_reviewed-2026-06-06-143000.tex",\r\n        "section": "A_BM",\r\n        "line": 487\r\n      }\r\n    },\r\n    {\r\n      "name": "A_SQ",\r\n      "initial": "Idle",\r\n      "locations": [\r\n        {\r\n          "name": "Idle",\r\n          "invariant": null,\r\n          "provenance": null\r\n        },\r\n        {\r\n          "name": "SensingEvaluating",\r\n          "invariant": null,\r\n          "provenance": null\r\n        },\r\n        {\r\n          "name": "SensingQoSOk",\r\n          "invariant": null,\r\n          "provenance": null\r\n        },\r\n        {\r\n          "name": "ProbabilityLimited",\r\n          "invariant": null,\r\n          "provenance": null\r\n        },\r\n        {\r\n          "name": "FalseAlarmLimited",\r\n          "invariant": null,\r\n          "provenance": null\r\n        },\r\n        {\r\n          "name": "AccuracyLimited",\r\n          "invariant": null,\r\n          "provenance": null\r\n        },\r\n        {\r\n          "name": "FreshnessLimited",\r\n          "invariant": null,\r\n          "provenance": null\r\n        },\r\n        {\r\n          "name": "CoverageLimited",\r\n          "invariant": null,\r\n          "provenance": null\r\n        },\r\n        {\r\n          "name": "CapacityLimited",\r\n          "invariant": null,\r\n          "provenance": null\r\n        },\r\n        {\r\n          "name": "SensingFailure",\r\n          "invariant": null,\r\n          "provenance": null\r\n        },\r\n        {\r\n          "name": "ContractViolation_SQ",\r\n          "invariant": null,\r\n          "provenance": null\r\n        }\r\n      ],\r\n      "transitions": [],\r\n      "assumptions": [\r\n        "fresh channel_report?, signal_report?, beam_report?"\r\n      ],\r\n      "guarantees": [\r\n        "sensing_report! within D_sense",\r\n        "SensingState follows priority prio_SQ"\r\n      ],\r\n      "provenance": {\r\n        "source": "PHY_level_formalization_reviewed-2026-06-06-143000.tex",\r\n        "section": "A_SQ",\r\n        "line": 585\r\n      }\r\n    },\r\n    {\r\n      "name": "A_PH",\r\n      "initial": "PHYNormal",\r\n      "locations": [\r\n        {\r\n          "name": "PHYNormal",\r\n          "invariant": null,\r\n          "provenance": null\r\n        },\r\n        {\r\n          "name": "PHYCommunicationDegraded",\r\n          "invariant": null,\r\n          "provenance": null\r\n        },\r\n        {\r\n          "name": "PHYSensingDegraded",\r\n          "invariant": null,\r\n          "provenance": null\r\n        },\r\n        {\r\n          "name": "PHYJointDegraded",\r\n          "invariant": null,\r\n          "provenance": null\r\n        },\r\n        {\r\n          "name": "PHYKpiReporting",\r\n          "invariant": null,\r\n          "provenance": null\r\n        },\r\n        {\r\n          "name": "PHYRecovery",\r\n          "invariant": null,\r\n          "provenance": null\r\n        },\r\n        {\r\n          "name": "PHYFailure",\r\n          "invariant": null,\r\n          "provenance": null\r\n        },\r\n        {\r\n          "name": "ContractViolation_PH",\r\n          "invariant": null,\r\n          "provenance": null\r\n        }\r\n      ],\r\n      "transitions": [],\r\n      "assumptions": [\r\n        "child reports delivered within D_child",\r\n        "aos_bs and aos_ctrl reset correctly"\r\n      ],\r\n      "guarantees": [\r\n        "phy_kpi_report! within D_report",\r\n        "only A_PH updates PHYState"\r\n      ],\r\n      "provenance": {\r\n        "source": "PHY_level_formalization_reviewed-2026-06-06-143000.tex",\r\n        "section": "A_PH",\r\n        "line": 667\r\n      }\r\n    }\r\n  ],\r\n  "observers": [\r\n    {\r\n      "name": "ObsSenseReport",\r\n      "trigger": "sensing_degraded?",\r\n      "responses": [\r\n        "phy_kpi_report?"\r\n      ],\r\n      "deadline": "D_report",\r\n      "violation_query": "A[] not ObsSenseReport.Violation",\r\n      "provenance": {\r\n        "source": "PHY_level_formalization_reviewed-2026-06-06-143000.tex",\r\n        "section": "observers",\r\n        "line": 820\r\n      }\r\n    },\r\n    {\r\n      "name": "ObsFreshness",\r\n      "trigger": "aos_ctrl_expired?",\r\n      "responses": [\r\n        "sensing_report?"\r\n      ],\r\n      "deadline": "D_sense",\r\n      "violation_query": "A[] not ObsFreshness.Violation",\r\n      "provenance": {\r\n        "source": "PHY_level_formalization_reviewed-2026-06-06-143000.tex",\r\n        "section": "observers",\r\n        "line": 832\r\n      }\r\n    },\r\n    {\r\n      "name": "ObsBeamRecovery",\r\n      "trigger": "recovery_start?",\r\n      "responses": [\r\n        "beam_restored?",\r\n        "handover_hint?",\r\n        "beam_failure?"\r\n      ],\r\n      "deadline": "D_BM",\r\n      "violation_query": "A[] not ObsBeamRecovery.Violation",\r\n      "provenance": {\r\n        "source": "PHY_level_formalization_reviewed-2026-06-06-143000.tex",\r\n        "section": "observers",\r\n        "line": 842\r\n      }\r\n    }\r\n  ],\r\n  "properties": [\r\n    {\r\n      "name": "deadlock_free",\r\n      "query": "A[] not deadlock",\r\n      "category": "safety",\r\n      "interpretation": "closed A_SYS has no deadlocks",\r\n      "provenance": {\r\n        "source": "PHY_level_formalization_reviewed-2026-06-06-143000.tex",\r\n        "section": "properties",\r\n        "line": 812\r\n      }\r\n    },\r\n    {\r\n      "name": "reach_phy_normal",\r\n      "query": "E<> A_PH.PHYNormal",\r\n      "category": "reachability",\r\n      "interpretation": "normal PHY state is reachable",\r\n      "provenance": {\r\n        "source": "PHY_level_formalization_reviewed-2026-06-06-143000.tex",\r\n        "section": "properties",\r\n        "line": 813\r\n      }\r\n    },\r\n    {\r\n      "name": "reach_phy_sensing_degraded",\r\n      "query": "E<> A_PH.PHYSensingDegraded",\r\n      "category": "reachability",\r\n      "interpretation": "sensing degradation is reachable",\r\n      "provenance": {\r\n        "source": "PHY_level_formalization_reviewed-2026-06-06-143000.tex",\r\n        "section": "properties",\r\n        "line": 814\r\n      }\r\n    },\r\n    {\r\n      "name": "reach_phy_communication_degraded",\r\n      "query": "E<> A_PH.PHYCommunicationDegraded",\r\n      "category": "reachability",\r\n      "interpretation": "communication degradation is reachable",\r\n      "provenance": {\r\n        "source": "PHY_level_formalization_reviewed-2026-06-06-143000.tex",\r\n        "section": "properties",\r\n        "line": 815\r\n      }\r\n    },\r\n    {\r\n      "name": "reach_phy_joint_degraded",\r\n      "query": "E<> A_PH.PHYJointDegraded",\r\n      "category": "reachability",\r\n      "interpretation": "joint degradation is reachable",\r\n      "provenance": {\r\n        "source": "PHY_level_formalization_reviewed-2026-06-06-143000.tex",\r\n        "section": "properties",\r\n        "line": 816\r\n      }\r\n    },\r\n    {\r\n      "name": "aggregation_consistency",\r\n      "query": "A[] (A_PH.PHYNormal imply (comm_ok && sensing_qos_ok))",\r\n      "category": "safety",\r\n      "interpretation": "normal state implies both aggregate booleans are ok",\r\n      "provenance": {\r\n        "source": "PHY_level_formalization_reviewed-2026-06-06-143000.tex",\r\n        "section": "properties",\r\n        "line": 817\r\n      }\r\n    },\r\n    {\r\n      "name": "ch_determinism",\r\n      "query": "A[] (ch_enabled_count <= 1)",\r\n      "category": "safety",\r\n      "interpretation": "channel classifier has at most one enabled result",\r\n      "provenance": {\r\n        "source": "PHY_level_formalization_reviewed-2026-06-06-143000.tex",\r\n        "section": "properties",\r\n        "line": 858\r\n      }\r\n    },\r\n    {\r\n      "name": "sq_determinism",\r\n      "query": "A[] (sq_enabled_count <= 1)",\r\n      "category": "safety",\r\n      "interpretation": "sensing classifier has at most one enabled result",\r\n      "provenance": {\r\n        "source": "PHY_level_formalization_reviewed-2026-06-06-143000.tex",\r\n        "section": "properties",\r\n        "line": 859\r\n      }\r\n    },\r\n    {\r\n      "name": "bm_recover_invariant",\r\n      "query": "A[] (A_BM.BeamRecover imply c_rec <= D_BM)",\r\n      "category": "safety",\r\n      "interpretation": "beam recovery never exceeds its invariant",\r\n      "provenance": {\r\n        "source": "PHY_level_formalization_reviewed-2026-06-06-143000.tex",\r\n        "section": "properties",\r\n        "line": 854\r\n      }\r\n    },\r\n    {\r\n      "name": "ObsSenseReport",\r\n      "query": "A[] not ObsSenseReport.Violation",\r\n      "category": "observer",\r\n      "interpretation": "ObsSenseReport does not reach Violation",\r\n      "provenance": {\r\n        "source": "PHY_level_formalization_reviewed-2026-06-06-143000.tex",\r\n        "section": "observers",\r\n        "line": 820\r\n      }\r\n    },\r\n    {\r\n      "name": "ObsFreshness",\r\n      "query": "A[] not ObsFreshness.Violation",\r\n      "category": "observer",\r\n      "interpretation": "ObsFreshness does not reach Violation",\r\n      "provenance": {\r\n        "source": "PHY_level_formalization_reviewed-2026-06-06-143000.tex",\r\n        "section": "observers",\r\n        "line": 832\r\n      }\r\n    },\r\n    {\r\n      "name": "ObsBeamRecovery",\r\n      "query": "A[] not ObsBeamRecovery.Violation",\r\n      "category": "observer",\r\n      "interpretation": "ObsBeamRecovery does not reach Violation",\r\n      "provenance": {\r\n        "source": "PHY_level_formalization_reviewed-2026-06-06-143000.tex",\r\n        "section": "observers",\r\n        "line": 842\r\n      }\r\n    },\r\n    {\r\n      "name": "contract_ch",\r\n      "query": "A[] (ass_ch() imply not A_CH.ContractViolation_CH)",\r\n      "category": "contract",\r\n      "interpretation": "A_CH contract violation is absent under assumptions",\r\n      "provenance": {\r\n        "source": "PHY_level_formalization_reviewed-2026-06-06-143000.tex",\r\n        "section": "contracts",\r\n        "line": 877\r\n      }\r\n    },\r\n    {\r\n      "name": "contract_sig",\r\n      "query": "A[] (ass_sig() imply not A_SIG.ContractViolation_SIG)",\r\n      "category": "contract",\r\n      "interpretation": "A_SIG contract violation is absent under assumptions",\r\n      "provenance": {\r\n        "source": "PHY_level_formalization_reviewed-2026-06-06-143000.tex",\r\n        "section": "contracts",\r\n        "line": 878\r\n      }\r\n    },\r\n    {\r\n      "name": "contract_bm",\r\n      "query": "A[] (ass_bm() imply not A_BM.ContractViolation_BM)",\r\n      "category": "contract",\r\n      "interpretation": "A_BM contract violation is absent under assumptions",\r\n      "provenance": {\r\n        "source": "PHY_level_formalization_reviewed-2026-06-06-143000.tex",\r\n        "section": "contracts",\r\n        "line": 879\r\n      }\r\n    },\r\n    {\r\n      "name": "contract_sq",\r\n      "query": "A[] (ass_sq() imply not A_SQ.ContractViolation_SQ)",\r\n      "category": "contract",\r\n      "interpretation": "A_SQ contract violation is absent under assumptions",\r\n      "provenance": {\r\n        "source": "PHY_level_formalization_reviewed-2026-06-06-143000.tex",\r\n        "section": "contracts",\r\n        "line": 880\r\n      }\r\n    },\r\n    {\r\n      "name": "contract_ph",\r\n      "query": "A[] (ass_ph() imply not A_PH.ContractViolation_PH)",\r\n      "category": "contract",\r\n      "interpretation": "A_PH contract violation is absent under assumptions",\r\n      "provenance": {\r\n        "source": "PHY_level_formalization_reviewed-2026-06-06-143000.tex",\r\n        "section": "contracts",\r\n        "line": 881\r\n      }\r\n    }\r\n  ],\r\n  "contracts": [\r\n    {\r\n      "automaton": "A_CH",\r\n      "assumptions": [\r\n        "ass_ch()"\r\n      ],\r\n      "guarantees": [\r\n        "gar_ch()"\r\n      ],\r\n      "violation_location": "ContractViolation_CH",\r\n      "violation_channel": "contract_violation_ch",\r\n      "provenance": {\r\n        "source": "PHY_level_formalization_reviewed-2026-06-06-143000.tex",\r\n        "section": "contracts",\r\n        "line": 263\r\n      }\r\n    },\r\n    {\r\n      "automaton": "A_SIG",\r\n      "assumptions": [\r\n        "ass_sig()"\r\n      ],\r\n      "guarantees": [\r\n        "gar_sig()"\r\n      ],\r\n      "violation_location": "ContractViolation_SIG",\r\n      "violation_channel": "contract_violation_sig",\r\n      "provenance": {\r\n        "source": "PHY_level_formalization_reviewed-2026-06-06-143000.tex",\r\n        "section": "contracts",\r\n        "line": 265\r\n      }\r\n    },\r\n    {\r\n      "automaton": "A_BM",\r\n      "assumptions": [\r\n        "ass_bm()"\r\n      ],\r\n      "guarantees": [\r\n        "gar_bm()"\r\n      ],\r\n      "violation_location": "ContractViolation_BM",\r\n      "violation_channel": "contract_violation_bm",\r\n      "provenance": {\r\n        "source": "PHY_level_formalization_reviewed-2026-06-06-143000.tex",\r\n        "section": "contracts",\r\n        "line": 267\r\n      }\r\n    },\r\n    {\r\n      "automaton": "A_SQ",\r\n      "assumptions": [\r\n        "ass_sq()"\r\n      ],\r\n      "guarantees": [\r\n        "gar_sq()"\r\n      ],\r\n      "violation_location": "ContractViolation_SQ",\r\n      "violation_channel": "contract_violation_sq",\r\n      "provenance": {\r\n        "source": "PHY_level_formalization_reviewed-2026-06-06-143000.tex",\r\n        "section": "contracts",\r\n        "line": 269\r\n      }\r\n    },\r\n    {\r\n      "automaton": "A_PH",\r\n      "assumptions": [\r\n        "ass_ph()"\r\n      ],\r\n      "guarantees": [\r\n        "gar_ph()"\r\n      ],\r\n      "violation_location": "ContractViolation_PH",\r\n      "violation_channel": "contract_violation_ph",\r\n      "provenance": {\r\n        "source": "PHY_level_formalization_reviewed-2026-06-06-143000.tex",\r\n        "section": "contracts",\r\n        "line": 271\r\n      }\r\n    }\r\n  ],\r\n  "variables": [\r\n    {\r\n      "name": "SINRClass",\r\n      "type_name": "SINRClassT",\r\n      "initial": "OUTAGE",\r\n      "role": "finite alpha_PHY class variable",\r\n      "provenance": {\r\n        "source": "PHY_level_formalization_reviewed-2026-06-06-143000.tex",\r\n        "section": "alpha_PHY/X_disc",\r\n        "line": 170\r\n      }\r\n    },\r\n    {\r\n      "name": "BLERClass",\r\n      "type_name": "BLERClassT",\r\n      "initial": "OK",\r\n      "role": "finite alpha_PHY class variable",\r\n      "provenance": {\r\n        "source": "PHY_level_formalization_reviewed-2026-06-06-143000.tex",\r\n        "section": "alpha_PHY/X_disc",\r\n        "line": 193\r\n      }\r\n    },\r\n    {\r\n      "name": "CQIClass",\r\n      "type_name": "CQIClassT",\r\n      "initial": "GOOD",\r\n      "role": "finite alpha_PHY class variable",\r\n      "provenance": {\r\n        "source": "PHY_level_formalization_reviewed-2026-06-06-143000.tex",\r\n        "section": "alpha_PHY/X_disc",\r\n        "line": 194\r\n      }\r\n    },\r\n    {\r\n      "name": "IClass",\r\n      "type_name": "IClassT",\r\n      "initial": "OK",\r\n      "role": "finite alpha_PHY class variable",\r\n      "provenance": {\r\n        "source": "PHY_level_formalization_reviewed-2026-06-06-143000.tex",\r\n        "section": "alpha_PHY/X_disc",\r\n        "line": 195\r\n      }\r\n    },\r\n    {\r\n      "name": "DopplerClass",\r\n      "type_name": "DopplerClassT",\r\n      "initial": "OK",\r\n      "role": "finite alpha_PHY class variable",\r\n      "provenance": {\r\n        "source": "PHY_level_formalization_reviewed-2026-06-06-143000.tex",\r\n        "section": "alpha_PHY/X_disc",\r\n        "line": 196\r\n      }\r\n    },\r\n    {\r\n      "name": "DelaySpreadClass",\r\n      "type_name": "DelaySpreadClassT",\r\n      "initial": "OK",\r\n      "role": "finite alpha_PHY class variable",\r\n      "provenance": {\r\n        "source": "PHY_level_formalization_reviewed-2026-06-06-143000.tex",\r\n        "section": "alpha_PHY/X_disc",\r\n        "line": 197\r\n      }\r\n    },\r\n    {\r\n      "name": "PowerClass",\r\n      "type_name": "PowerClassT",\r\n      "initial": "OK",\r\n      "role": "finite alpha_PHY class variable",\r\n      "provenance": {\r\n        "source": "PHY_level_formalization_reviewed-2026-06-06-143000.tex",\r\n        "section": "alpha_PHY/X_disc",\r\n        "line": 198\r\n      }\r\n    },\r\n    {\r\n      "name": "DRTClass",\r\n      "type_name": "DRTClassT",\r\n      "initial": "OK",\r\n      "role": "finite alpha_PHY class variable",\r\n      "provenance": {\r\n        "source": "PHY_level_formalization_reviewed-2026-06-06-143000.tex",\r\n        "section": "alpha_PHY/X_disc",\r\n        "line": 199\r\n      }\r\n    },\r\n    {\r\n      "name": "PilotDensityClass",\r\n      "type_name": "PilotDensityClassT",\r\n      "initial": "OK",\r\n      "role": "finite alpha_PHY class variable",\r\n      "provenance": {\r\n        "source": "PHY_level_formalization_reviewed-2026-06-06-143000.tex",\r\n        "section": "alpha_PHY/X_disc",\r\n        "line": 200\r\n      }\r\n    },\r\n    {\r\n      "name": "PayloadSenseClass",\r\n      "type_name": "PayloadSenseClassT",\r\n      "initial": "OK",\r\n      "role": "finite alpha_PHY class variable",\r\n      "provenance": {\r\n        "source": "PHY_level_formalization_reviewed-2026-06-06-143000.tex",\r\n        "section": "alpha_PHY/X_disc",\r\n        "line": 201\r\n      }\r\n    },\r\n    {\r\n      "name": "PRSClass",\r\n      "type_name": "PRSClassT",\r\n      "initial": "OK",\r\n      "role": "finite alpha_PHY class variable",\r\n      "provenance": {\r\n        "source": "PHY_level_formalization_reviewed-2026-06-06-143000.tex",\r\n        "section": "alpha_PHY/X_disc",\r\n        "line": 202\r\n      }\r\n    },\r\n    {\r\n      "name": "BeamErrorClass",\r\n      "type_name": "BeamErrorClassT",\r\n      "initial": "LOCKABLE",\r\n      "role": "finite alpha_PHY class variable",\r\n      "provenance": {\r\n        "source": "PHY_level_formalization_reviewed-2026-06-06-143000.tex",\r\n        "section": "alpha_PHY/X_disc",\r\n        "line": 203\r\n      }\r\n    },\r\n    {\r\n      "name": "BlockageClass",\r\n      "type_name": "BlockageClassT",\r\n      "initial": "NONE",\r\n      "role": "finite alpha_PHY class variable",\r\n      "provenance": {\r\n        "source": "PHY_level_formalization_reviewed-2026-06-06-143000.tex",\r\n        "section": "alpha_PHY/X_disc",\r\n        "line": 204\r\n      }\r\n    },\r\n    {\r\n      "name": "PdClass",\r\n      "type_name": "PdClassT",\r\n      "initial": "OK",\r\n      "role": "finite alpha_PHY class variable",\r\n      "provenance": {\r\n        "source": "PHY_level_formalization_reviewed-2026-06-06-143000.tex",\r\n        "section": "alpha_PHY/X_disc",\r\n        "line": 205\r\n      }\r\n    },\r\n    {\r\n      "name": "RfaClass",\r\n      "type_name": "RfaClassT",\r\n      "initial": "OK",\r\n      "role": "finite alpha_PHY class variable",\r\n      "provenance": {\r\n        "source": "PHY_level_formalization_reviewed-2026-06-06-143000.tex",\r\n        "section": "alpha_PHY/X_disc",\r\n        "line": 206\r\n      }\r\n    },\r\n    {\r\n      "name": "AccClass",\r\n      "type_name": "AccClassT",\r\n      "initial": "OK",\r\n      "role": "finite alpha_PHY class variable",\r\n      "provenance": {\r\n        "source": "PHY_level_formalization_reviewed-2026-06-06-143000.tex",\r\n        "section": "alpha_PHY/X_disc",\r\n        "line": 207\r\n      }\r\n    },\r\n    {\r\n      "name": "CRBClass",\r\n      "type_name": "CRBClassT",\r\n      "initial": "OK",\r\n      "role": "finite alpha_PHY class variable",\r\n      "provenance": {\r\n        "source": "PHY_level_formalization_reviewed-2026-06-06-143000.tex",\r\n        "section": "alpha_PHY/X_disc",\r\n        "line": 208\r\n      }\r\n    },\r\n    {\r\n      "name": "AoSClass",\r\n      "type_name": "AoSClassT",\r\n      "initial": "FRESH",\r\n      "role": "finite alpha_PHY class variable",\r\n      "provenance": {\r\n        "source": "PHY_level_formalization_reviewed-2026-06-06-143000.tex",\r\n        "section": "alpha_PHY/X_disc",\r\n        "line": 209\r\n      }\r\n    },\r\n    {\r\n      "name": "CapClass",\r\n      "type_name": "CapClassT",\r\n      "initial": "OK",\r\n      "role": "finite alpha_PHY class variable",\r\n      "provenance": {\r\n        "source": "PHY_level_formalization_reviewed-2026-06-06-143000.tex",\r\n        "section": "alpha_PHY/X_disc",\r\n        "line": 210\r\n      }\r\n    },\r\n    {\r\n      "name": "CoverageClass",\r\n      "type_name": "CoverageClassT",\r\n      "initial": "OK",\r\n      "role": "finite alpha_PHY class variable",\r\n      "provenance": {\r\n        "source": "PHY_level_formalization_reviewed-2026-06-06-143000.tex",\r\n        "section": "alpha_PHY/X_disc",\r\n        "line": 211\r\n      }\r\n    },\r\n    {\r\n      "name": "ResourceShareClass",\r\n      "type_name": "ResourceShareClassT",\r\n      "initial": "OK",\r\n      "role": "finite alpha_PHY class variable",\r\n      "provenance": {\r\n        "source": "PHY_level_formalization_reviewed-2026-06-06-143000.tex",\r\n        "section": "alpha_PHY/X_disc",\r\n        "line": 212\r\n      }\r\n    },\r\n    {\r\n      "name": "MisClass",\r\n      "type_name": "MisClassT",\r\n      "initial": "OK",\r\n      "role": "finite alpha_PHY class variable",\r\n      "provenance": {\r\n        "source": "PHY_level_formalization_reviewed-2026-06-06-143000.tex",\r\n        "section": "alpha_PHY/X_disc",\r\n        "line": 213\r\n      }\r\n    },\r\n    {\r\n      "name": "BMOverheadClass",\r\n      "type_name": "BMOverheadClassT",\r\n      "initial": "OK",\r\n      "role": "finite alpha_PHY class variable",\r\n      "provenance": {\r\n        "source": "PHY_level_formalization_reviewed-2026-06-06-143000.tex",\r\n        "section": "alpha_PHY/X_disc",\r\n        "line": 214\r\n      }\r\n    },\r\n    {\r\n      "name": "ChannelClass",\r\n      "type_name": "ChannelClassT",\r\n      "initial": "NOMINAL",\r\n      "role": "finite alpha_PHY class variable",\r\n      "provenance": {\r\n        "source": "PHY_level_formalization_reviewed-2026-06-06-143000.tex",\r\n        "section": "alpha_PHY/X_disc",\r\n        "line": 215\r\n      }\r\n    },\r\n    {\r\n      "name": "SignalClass",\r\n      "type_name": "SignalClassT",\r\n      "initial": "NOMINAL",\r\n      "role": "finite alpha_PHY class variable",\r\n      "provenance": {\r\n        "source": "PHY_level_formalization_reviewed-2026-06-06-143000.tex",\r\n        "section": "alpha_PHY/X_disc",\r\n        "line": 217\r\n      }\r\n    },\r\n    {\r\n      "name": "BeamClass",\r\n      "type_name": "BeamClassT",\r\n      "initial": "SEARCH",\r\n      "role": "finite alpha_PHY class variable",\r\n      "provenance": {\r\n        "source": "PHY_level_formalization_reviewed-2026-06-06-143000.tex",\r\n        "section": "alpha_PHY/X_disc",\r\n        "line": 219\r\n      }\r\n    },\r\n    {\r\n      "name": "SensingState",\r\n      "type_name": "SensingStateT",\r\n      "initial": "SensingQoSOk",\r\n      "role": "finite alpha_PHY class variable",\r\n      "provenance": {\r\n        "source": "PHY_level_formalization_reviewed-2026-06-06-143000.tex",\r\n        "section": "alpha_PHY/X_disc",\r\n        "line": 221\r\n      }\r\n    },\r\n    {\r\n      "name": "PHYState",\r\n      "type_name": "PHYStateT",\r\n      "initial": "PHYNormal",\r\n      "role": "finite alpha_PHY class variable",\r\n      "provenance": {\r\n        "source": "PHY_level_formalization_reviewed-2026-06-06-143000.tex",\r\n        "section": "alpha_PHY/X_disc",\r\n        "line": 225\r\n      }\r\n    },\r\n    {\r\n      "name": "W",\r\n      "type_name": "WaveformT",\r\n      "initial": "W_OFDM",\r\n      "role": "finite waveform selector; waveform values are not locations",\r\n      "provenance": {\r\n        "source": "PHY_level_formalization_reviewed-2026-06-06-143000.tex",\r\n        "section": "A_SIG",\r\n        "line": 438\r\n      }\r\n    },\r\n    {\r\n      "name": "env_scenario",\r\n      "type_name": "int[0,3]",\r\n      "initial": "SCENARIO_NORMAL",\r\n      "role": "bounded environment scenario selector",\r\n      "provenance": {\r\n        "source": "PHY_level_formalization_reviewed-2026-06-06-143000.tex",\r\n        "section": "A_ENV",\r\n        "line": 705\r\n      }\r\n    },\r\n    {\r\n      "name": "channel_degraded_flag",\r\n      "type_name": "bool",\r\n      "initial": "false",\r\n      "role": "diagnostic flag",\r\n      "provenance": {\r\n        "source": "PHY_level_formalization_reviewed-2026-06-06-143000.tex",\r\n        "section": "reports",\r\n        "line": 735\r\n      }\r\n    },\r\n    {\r\n      "name": "signal_degraded_flag",\r\n      "type_name": "bool",\r\n      "initial": "false",\r\n      "role": "diagnostic flag",\r\n      "provenance": {\r\n        "source": "PHY_level_formalization_reviewed-2026-06-06-143000.tex",\r\n        "section": "reports",\r\n        "line": 737\r\n      }\r\n    },\r\n    {\r\n      "name": "beam_degraded_flag",\r\n      "type_name": "bool",\r\n      "initial": "false",\r\n      "role": "diagnostic flag",\r\n      "provenance": {\r\n        "source": "PHY_level_formalization_reviewed-2026-06-06-143000.tex",\r\n        "section": "reports",\r\n        "line": 739\r\n      }\r\n    },\r\n    {\r\n      "name": "sensing_degraded_flag",\r\n      "type_name": "bool",\r\n      "initial": "false",\r\n      "role": "observer trigger metadata",\r\n      "provenance": {\r\n        "source": "PHY_level_formalization_reviewed-2026-06-06-143000.tex",\r\n        "section": "reports",\r\n        "line": 741\r\n      }\r\n    },\r\n    {\r\n      "name": "sensing_failure_flag",\r\n      "type_name": "bool",\r\n      "initial": "false",\r\n      "role": "observer trigger metadata",\r\n      "provenance": {\r\n        "source": "PHY_level_formalization_reviewed-2026-06-06-143000.tex",\r\n        "section": "reports",\r\n        "line": 743\r\n      }\r\n    },\r\n    {\r\n      "name": "degradation_flag",\r\n      "type_name": "bool",\r\n      "initial": "false",\r\n      "role": "aggregate PHY degradation flag",\r\n      "provenance": {\r\n        "source": "PHY_level_formalization_reviewed-2026-06-06-143000.tex",\r\n        "section": "reports",\r\n        "line": 745\r\n      }\r\n    },\r\n    {\r\n      "name": "TimingOk",\r\n      "type_name": "bool",\r\n      "initial": "true",\r\n      "role": "environment timing assumption",\r\n      "provenance": {\r\n        "source": "PHY_level_formalization_reviewed-2026-06-06-143000.tex",\r\n        "section": "contracts",\r\n        "line": 253\r\n      }\r\n    },\r\n    {\r\n      "name": "ConfigAdmissible",\r\n      "type_name": "bool",\r\n      "initial": "true",\r\n      "role": "MAC/SDN configuration assumption",\r\n      "provenance": {\r\n        "source": "PHY_level_formalization_reviewed-2026-06-06-143000.tex",\r\n        "section": "contracts",\r\n        "line": 255\r\n      }\r\n    },\r\n    {\r\n      "name": "BeamCmdAdmissible",\r\n      "type_name": "bool",\r\n      "initial": "true",\r\n      "role": "beam command assumption",\r\n      "provenance": {\r\n        "source": "PHY_level_formalization_reviewed-2026-06-06-143000.tex",\r\n        "section": "contracts",\r\n        "line": 257\r\n      }\r\n    },\r\n    {\r\n      "name": "NetDeliveryOk",\r\n      "type_name": "bool",\r\n      "initial": "true",\r\n      "role": "network delivery assumption",\r\n      "provenance": {\r\n        "source": "PHY_level_formalization_reviewed-2026-06-06-143000.tex",\r\n        "section": "contracts",\r\n        "line": 259\r\n      }\r\n    }\r\n  ],\r\n  "env": [\r\n    {\r\n      "name": "ENV_CH",\r\n      "initial": "TickWait",\r\n      "locations": [\r\n        {\r\n          "name": "TickWait",\r\n          "invariant": null,\r\n          "provenance": null\r\n        }\r\n      ],\r\n      "transitions": [\r\n        {\r\n          "source": "TickWait",\r\n          "target": "TickWait",\r\n          "guard": null,\r\n          "sync": "measure_tick!",\r\n          "assignment": "update finite channel/sensing estimator classes",\r\n          "provenance": null\r\n        }\r\n      ],\r\n      "assumptions": [\r\n        "bounded nondeterministic measurement ticks",\r\n        "continuous estimator values are classified before UPPAAL"\r\n      ],\r\n      "provenance": {\r\n        "source": "PHY_level_formalization_reviewed-2026-06-06-143000.tex",\r\n        "section": "A_ENV",\r\n        "line": 705\r\n      }\r\n    },\r\n    {\r\n      "name": "ENV_TARGET",\r\n      "initial": "TargetWait",\r\n      "locations": [\r\n        {\r\n          "name": "TargetWait",\r\n          "invariant": null,\r\n          "provenance": null\r\n        }\r\n      ],\r\n      "transitions": [\r\n        {\r\n          "source": "TargetWait",\r\n          "target": "TargetWait",\r\n          "guard": null,\r\n          "sync": "target_detected!",\r\n          "assignment": "update PRSClass, BeamErrorClass, BlockageClass",\r\n          "provenance": null\r\n        }\r\n      ],\r\n      "assumptions": [\r\n        "target presence and blockage are abstract finite classes"\r\n      ],\r\n      "provenance": {\r\n        "source": "PHY_level_formalization_reviewed-2026-06-06-143000.tex",\r\n        "section": "A_ENV",\r\n        "line": 711\r\n      }\r\n    },\r\n    {\r\n      "name": "ENV_MAC",\r\n      "initial": "ConfigWait",\r\n      "locations": [\r\n        {\r\n          "name": "ConfigWait",\r\n          "invariant": null,\r\n          "provenance": null\r\n        }\r\n      ],\r\n      "transitions": [\r\n        {\r\n          "source": "ConfigWait",\r\n          "target": "ConfigWait",\r\n          "guard": null,\r\n          "sync": "pilot_config!",\r\n          "assignment": "ConfigAdmissible = true",\r\n          "provenance": null\r\n        }\r\n      ],\r\n      "assumptions": [\r\n        "MAC/SDN commands are admissible in closed-system smoke mode"\r\n      ],\r\n      "provenance": {\r\n        "source": "PHY_level_formalization_reviewed-2026-06-06-143000.tex",\r\n        "section": "A_ENV",\r\n        "line": 718\r\n      }\r\n    },\r\n    {\r\n      "name": "ENV_NET",\r\n      "initial": "DeliveryWait",\r\n      "locations": [\r\n        {\r\n          "name": "DeliveryWait",\r\n          "invariant": null,\r\n          "provenance": null\r\n        }\r\n      ],\r\n      "transitions": [\r\n        {\r\n          "source": "DeliveryWait",\r\n          "target": "DeliveryWait",\r\n          "guard": null,\r\n          "sync": "controller_report_delivered!",\r\n          "assignment": "NetDeliveryOk = true, aos_ctrl = 0",\r\n          "provenance": null\r\n        }\r\n      ],\r\n      "assumptions": [\r\n        "report delivery is bounded by network abstraction"\r\n      ],\r\n      "provenance": {\r\n        "source": "PHY_level_formalization_reviewed-2026-06-06-143000.tex",\r\n        "section": "A_ENV",\r\n        "line": 724\r\n      }\r\n    }\r\n  ],\r\n  "invariants": [\r\n    "A_PHY = A_CH || A_SIG || A_BM || A_SQ || A_PH",\r\n    "A_SYS = A_PHY || A_ENV",\r\n    "A_ENV = ENV_CH || ENV_TARGET || ENV_MAC || ENV_NET",\r\n    "guards use finite class variables, not continuous PHY metrics",\r\n    "report/event channels are broadcast; command channels are handshake",\r\n    "bounded deadlines are checked by observers"\r\n  ],\r\n  "limitations": [\r\n    "base TA model does not prove radio-physical probabilities",\r\n    "base TA model does not optimize Pi_PHY",\r\n    "counterexamples may be physical scenarios or abstraction artifacts",\r\n    "parameter synthesis is out of scope for this MCP layer"\r\n  ]\r\n}', 'model.xml': b'<?xml version="1.0" encoding="utf-8"?>\r\n<!DOCTYPE nta PUBLIC "-//Uppaal Team//DTD Flat System 1.6//EN" "http://www.it.uu.se/research/group/darts/uppaal/flat-1_6.dtd">\r\n<nta>\r\n  <declaration>// Generated from PHY contract IR. Continuous PHY metrics stay outside timed automata.\r\n// Generation mode: with_observers.\r\n// Layout mode: readable.\r\n// Negative scenarios disabled for this generated model.\r\nconst int D_meas = 5;\r\nconst int D_sig = 5;\r\nconst int D_sense = 5;\r\nconst int D_report = 5;\r\nconst int D_BM = 5;\r\nconst int D_child = 5;\r\nconst int D_net = 5;\r\nconst int T_meas = 5;\r\nconst int J_meas = 1;\r\nconst int T_report = 5;\r\nconst int J_SSB = 1;\r\nconst int tau_SSB = 4;\r\n\r\nconst int SCENARIO_NORMAL = 0;\r\nconst int SCENARIO_COMM_DEGRADED = 1;\r\nconst int SCENARIO_SENSING_DEGRADED = 2;\r\nconst int SCENARIO_JOINT_DEGRADED = 3;\r\nint[0,3] env_scenario = SCENARIO_NORMAL;\r\n\r\nclock c_meas, c_sig, c_sense, c_report, c_rec, c_ssb;\r\nclock aos_bs, aos_ctrl, c_env, c_net;\r\nclock c_obs_sense, c_obs_fresh, c_obs_beam;\r\nclock c_obs_channel, c_obs_signal, c_obs_sensing, c_obs_phy;\r\n\r\ntypedef int[0,4] WaveformT;\r\nconst int W_OFDM = 0;\r\nconst int W_OTFS = 1;\r\nconst int W_AFDM = 2;\r\nconst int W_SC = 3;\r\nconst int W_OTHER = 4;\r\nWaveformT W = W_OFDM;\r\n\r\nchan beam_cmd, controller_report_delivered, extra_ssb_cmd, handover_assist_cmd, mac_report_delivered, measure_tick, new_beam_confirmed, payload_sensing_config, pilot_config, power_cmd, prs_config, recovery_cmd, sensing_mode_cmd, ssb_burst_config, waveform_config;\r\nbroadcast chan aos_ctrl_expired, beam_failure, beam_locked, beam_misaligned, beam_report, beam_restored, blockage_detected, channel_degraded, channel_report, contract_violation_bm, contract_violation_ch, contract_violation_ph, contract_violation_sig, contract_violation_sq, degradation_event, handover_hint, mobility_alert, multipath_alert, phy_failure, phy_kpi_report, phy_outage, recovery_event, recovery_start, sensing_degraded, sensing_failure, sensing_report, sensing_success, signal_degraded, signal_report, target_detected;\r\n\r\n// === A_CH: Channel classifier ===\r\n// === A_SIG: Signal classifier ===\r\n// === A_BM: Beam management ===\r\n// === A_SQ: Sensing QoS classifier ===\r\n// === A_PH: Aggregate PHY state ===\r\n// === ENV_*: Closed-system environment stimulus loops ===\r\n// === Obs*: Bounded response observers ===\r\n\r\ntypedef int[0,3] SINRClassT;\r\nconst int SINRCLASS_OUTAGE = 0;\r\nconst int SINRCLASS_LOW = 1;\r\nconst int SINRCLASS_OK = 2;\r\nconst int SINRCLASS_HIGH = 3;\r\nSINRClassT SINRClass = SINRCLASS_OK;\r\n\r\ntypedef int[0,2] BLERClassT;\r\nconst int BLERCLASS_OK = 0;\r\nconst int BLERCLASS_HIGH = 1;\r\nconst int BLERCLASS_CRITICAL = 2;\r\nBLERClassT BLERClass = BLERCLASS_OK;\r\n\r\ntypedef int[0,2] CQIClassT;\r\nconst int CQICLASS_GOOD = 0;\r\nconst int CQICLASS_LIMITED = 1;\r\nconst int CQICLASS_BAD = 2;\r\nCQIClassT CQIClass = CQICLASS_GOOD;\r\n\r\ntypedef int[0,2] IClassT;\r\nconst int ICLASS_OK = 0;\r\nconst int ICLASS_HIGH = 1;\r\nconst int ICLASS_CRITICAL = 2;\r\nIClassT IClass = ICLASS_OK;\r\n\r\ntypedef int[0,1] DopplerClassT;\r\nconst int DOPPLERCLASS_OK = 0;\r\nconst int DOPPLERCLASS_HIGH = 1;\r\nDopplerClassT DopplerClass = DOPPLERCLASS_OK;\r\n\r\ntypedef int[0,1] DelaySpreadClassT;\r\nconst int DELAYSPREADCLASS_OK = 0;\r\nconst int DELAYSPREADCLASS_HIGH = 1;\r\nDelaySpreadClassT DelaySpreadClass = DELAYSPREADCLASS_OK;\r\n\r\ntypedef int[0,2] PowerClassT;\r\nconst int POWERCLASS_OK = 0;\r\nconst int POWERCLASS_LOW = 1;\r\nconst int POWERCLASS_ABSENT = 2;\r\nPowerClassT PowerClass = POWERCLASS_OK;\r\n\r\ntypedef int[0,1] DRTClassT;\r\nconst int DRTCLASS_OK = 0;\r\nconst int DRTCLASS_BAD = 1;\r\nDRTClassT DRTClass = DRTCLASS_OK;\r\n\r\ntypedef int[0,2] PilotDensityClassT;\r\nconst int PILOTDENSITYCLASS_OK = 0;\r\nconst int PILOTDENSITYCLASS_LOW = 1;\r\nconst int PILOTDENSITYCLASS_FAILED = 2;\r\nPilotDensityClassT PilotDensityClass = PILOTDENSITYCLASS_OK;\r\n\r\ntypedef int[0,2] PayloadSenseClassT;\r\nconst int PAYLOADSENSECLASS_OK = 0;\r\nconst int PAYLOADSENSECLASS_LIMITED = 1;\r\nconst int PAYLOADSENSECLASS_FAILED = 2;\r\nPayloadSenseClassT PayloadSenseClass = PAYLOADSENSECLASS_OK;\r\n\r\ntypedef int[0,2] PRSClassT;\r\nconst int PRSCLASS_OK = 0;\r\nconst int PRSCLASS_LIMITED = 1;\r\nconst int PRSCLASS_FAILED = 2;\r\nPRSClassT PRSClass = PRSCLASS_OK;\r\n\r\ntypedef int[0,2] BeamErrorClassT;\r\nconst int BEAMERRORCLASS_LOCKABLE = 0;\r\nconst int BEAMERRORCLASS_UNSTABLE = 1;\r\nconst int BEAMERRORCLASS_CRITICAL = 2;\r\nBeamErrorClassT BeamErrorClass = BEAMERRORCLASS_LOCKABLE;\r\n\r\ntypedef int[0,2] BlockageClassT;\r\nconst int BLOCKAGECLASS_NONE = 0;\r\nconst int BLOCKAGECLASS_SUSPECTED = 1;\r\nconst int BLOCKAGECLASS_CONFIRMED = 2;\r\nBlockageClassT BlockageClass = BLOCKAGECLASS_NONE;\r\n\r\ntypedef int[0,2] PdClassT;\r\nconst int PDCLASS_OK = 0;\r\nconst int PDCLASS_LOW = 1;\r\nconst int PDCLASS_FAILED = 2;\r\nPdClassT PdClass = PDCLASS_OK;\r\n\r\ntypedef int[0,2] RfaClassT;\r\nconst int RFACLASS_OK = 0;\r\nconst int RFACLASS_HIGH = 1;\r\nconst int RFACLASS_CRITICAL = 2;\r\nRfaClassT RfaClass = RFACLASS_OK;\r\n\r\ntypedef int[0,2] AccClassT;\r\nconst int ACCCLASS_OK = 0;\r\nconst int ACCCLASS_LIMITED = 1;\r\nconst int ACCCLASS_FAILED = 2;\r\nAccClassT AccClass = ACCCLASS_OK;\r\n\r\ntypedef int[0,2] CRBClassT;\r\nconst int CRBCLASS_OK = 0;\r\nconst int CRBCLASS_LOOSE = 1;\r\nconst int CRBCLASS_UNUSABLE = 2;\r\nCRBClassT CRBClass = CRBCLASS_OK;\r\n\r\ntypedef int[0,2] AoSClassT;\r\nconst int AOSCLASS_FRESH = 0;\r\nconst int AOSCLASS_STALE = 1;\r\nconst int AOSCLASS_EXPIRED = 2;\r\nAoSClassT AoSClass = AOSCLASS_FRESH;\r\n\r\ntypedef int[0,2] CapClassT;\r\nconst int CAPCLASS_OK = 0;\r\nconst int CAPCLASS_LIMITED = 1;\r\nconst int CAPCLASS_FAILED = 2;\r\nCapClassT CapClass = CAPCLASS_OK;\r\n\r\ntypedef int[0,2] CoverageClassT;\r\nconst int COVERAGECLASS_OK = 0;\r\nconst int COVERAGECLASS_LIMITED = 1;\r\nconst int COVERAGECLASS_FAILED = 2;\r\nCoverageClassT CoverageClass = COVERAGECLASS_OK;\r\n\r\ntypedef int[0,2] ResourceShareClassT;\r\nconst int RESOURCESHARECLASS_OK = 0;\r\nconst int RESOURCESHARECLASS_LIMITED = 1;\r\nconst int RESOURCESHARECLASS_STARVED = 2;\r\nResourceShareClassT ResourceShareClass = RESOURCESHARECLASS_OK;\r\n\r\ntypedef int[0,2] MisClassT;\r\nconst int MISCLASS_OK = 0;\r\nconst int MISCLASS_WARN = 1;\r\nconst int MISCLASS_CRITICAL = 2;\r\nMisClassT MisClass = MISCLASS_OK;\r\n\r\ntypedef int[0,2] BMOverheadClassT;\r\nconst int BMOVERHEADCLASS_OK = 0;\r\nconst int BMOVERHEADCLASS_HIGH = 1;\r\nconst int BMOVERHEADCLASS_EXCESSIVE = 2;\r\nBMOverheadClassT BMOverheadClass = BMOVERHEADCLASS_OK;\r\n\r\ntypedef int[0,5] ChannelClassT;\r\nconst int CHANNELCLASS_NOMINAL = 0;\r\nconst int CHANNELCLASS_INTERFERENCE_LIMITED = 1;\r\nconst int CHANNELCLASS_MOBILITY_LIMITED = 2;\r\nconst int CHANNELCLASS_MULTIPATH_LIMITED = 3;\r\nconst int CHANNELCLASS_BLOCKAGE = 4;\r\nconst int CHANNELCLASS_OUTAGE = 5;\r\nChannelClassT ChannelClass = CHANNELCLASS_NOMINAL;\r\n\r\ntypedef int[0,4] SignalClassT;\r\nconst int SIGNALCLASS_NOMINAL = 0;\r\nconst int SIGNALCLASS_PILOT_BASED = 1;\r\nconst int SIGNALCLASS_PAYLOAD_ASSISTED = 2;\r\nconst int SIGNALCLASS_RECONFIGURING = 3;\r\nconst int SIGNALCLASS_LIMITED = 4;\r\nSignalClassT SignalClass = SIGNALCLASS_NOMINAL;\r\n\r\ntypedef int[0,7] BeamClassT;\r\nconst int BEAMCLASS_SEARCH = 0;\r\nconst int BEAMCLASS_TRACK = 1;\r\nconst int BEAMCLASS_LOCKED = 2;\r\nconst int BEAMCLASS_PREDICT = 3;\r\nconst int BEAMCLASS_MISALIGNED = 4;\r\nconst int BEAMCLASS_RECOVERING = 5;\r\nconst int BEAMCLASS_HO_ASSIST = 6;\r\nconst int BEAMCLASS_FAILED = 7;\r\nBeamClassT BeamClass = BEAMCLASS_SEARCH;\r\n\r\ntypedef int[0,7] SensingStateT;\r\nconst int SENSINGSTATE_SENSINGQOSOK = 0;\r\nconst int SENSINGSTATE_PROBABILITYLIMITED = 1;\r\nconst int SENSINGSTATE_FALSEALARMLIMITED = 2;\r\nconst int SENSINGSTATE_ACCURACYLIMITED = 3;\r\nconst int SENSINGSTATE_FRESHNESSLIMITED = 4;\r\nconst int SENSINGSTATE_COVERAGELIMITED = 5;\r\nconst int SENSINGSTATE_CAPACITYLIMITED = 6;\r\nconst int SENSINGSTATE_SENSINGFAILURE = 7;\r\nSensingStateT SensingState = SENSINGSTATE_SENSINGQOSOK;\r\n\r\ntypedef int[0,5] PHYStateT;\r\nconst int PHYSTATE_PHYNORMAL = 0;\r\nconst int PHYSTATE_PHYCOMMUNICATIONDEGRADED = 1;\r\nconst int PHYSTATE_PHYSENSINGDEGRADED = 2;\r\nconst int PHYSTATE_PHYJOINTDEGRADED = 3;\r\nconst int PHYSTATE_PHYRECOVERY = 4;\r\nconst int PHYSTATE_PHYFAILURE = 5;\r\nPHYStateT PHYState = PHYSTATE_PHYNORMAL;\r\n\r\nint highest_priority_CH() {\r\n  if (SINRClass == SINRCLASS_OUTAGE) return CHANNELCLASS_OUTAGE;\r\n  if (PowerClass == POWERCLASS_LOW || PowerClass == POWERCLASS_ABSENT) return CHANNELCLASS_BLOCKAGE;\r\n  if (IClass == ICLASS_HIGH || IClass == ICLASS_CRITICAL) return CHANNELCLASS_INTERFERENCE_LIMITED;\r\n  if (DopplerClass == DOPPLERCLASS_HIGH) return CHANNELCLASS_MOBILITY_LIMITED;\r\n  if (DelaySpreadClass == DELAYSPREADCLASS_HIGH) return CHANNELCLASS_MULTIPATH_LIMITED;\r\n  return CHANNELCLASS_NOMINAL;\r\n}\r\n\r\nint highest_priority_SQ() {\r\n  if (ChannelClass == CHANNELCLASS_OUTAGE || SignalClass == SIGNALCLASS_LIMITED || BeamClass == BEAMCLASS_FAILED || PdClass == PDCLASS_FAILED || RfaClass == RFACLASS_CRITICAL || AccClass == ACCCLASS_FAILED || CRBClass == CRBCLASS_UNUSABLE || AoSClass == AOSCLASS_EXPIRED || CapClass == CAPCLASS_FAILED || CoverageClass == COVERAGECLASS_FAILED) return SENSINGSTATE_SENSINGFAILURE;\r\n  if (ChannelClass == CHANNELCLASS_BLOCKAGE || SignalClass == SIGNALCLASS_RECONFIGURING || BeamClass == BEAMCLASS_MISALIGNED) return SENSINGSTATE_FRESHNESSLIMITED;\r\n  if (AoSClass == AOSCLASS_STALE) return SENSINGSTATE_FRESHNESSLIMITED;\r\n  if (AccClass == ACCCLASS_LIMITED || CRBClass == CRBCLASS_LOOSE) return SENSINGSTATE_ACCURACYLIMITED;\r\n  if (PdClass == PDCLASS_LOW) return SENSINGSTATE_PROBABILITYLIMITED;\r\n  if (RfaClass == RFACLASS_HIGH) return SENSINGSTATE_FALSEALARMLIMITED;\r\n  if (CapClass == CAPCLASS_LIMITED) return SENSINGSTATE_CAPACITYLIMITED;\r\n  if (CoverageClass == COVERAGECLASS_LIMITED) return SENSINGSTATE_COVERAGELIMITED;\r\n  return SENSINGSTATE_SENSINGQOSOK;\r\n}\r\n\r\nbool channel_degraded_flag = false;\r\nbool signal_degraded_flag = false;\r\nbool beam_degraded_flag = false;\r\nbool sensing_degraded_flag = false;\r\nbool sensing_failure_flag = false;\r\nbool degradation_flag = false;\r\nbool child_update = false;\r\nbool input_changed = false;\r\nbool target_seen = false;\r\nbool channel_report_pending = false;\r\nbool signal_report_pending = false;\r\nbool sensing_report_pending = false;\r\nbool phy_kpi_report_pending = false;\r\nbool comm_ok = true;\r\nbool sensing_qos_ok = true;\r\nbool TimingOk = true;\r\nbool ConfigAdmissible = true;\r\nbool BeamCmdAdmissible = true;\r\nbool NetDeliveryOk = true;\r\nbool classes_in_range_ch = true;\r\nbool classes_in_range_sig = true;\r\nbool classes_in_range_bm = true;\r\nbool fresh_child_reports = true;\r\nint[0,1] ch_enabled_count = 1;\r\nint[0,1] sq_enabled_count = 1;\r\n\r\nbool ass_ch() { return TimingOk &amp;&amp; classes_in_range_ch; }\r\nbool gar_ch() { return classes_in_range_ch; }\r\nbool ass_sig() { return ConfigAdmissible &amp;&amp; classes_in_range_sig; }\r\nbool gar_sig() { return classes_in_range_sig; }\r\nbool ass_bm() { return BeamCmdAdmissible &amp;&amp; classes_in_range_bm; }\r\nbool gar_bm() { return classes_in_range_bm; }\r\nbool ass_sq() { return fresh_child_reports &amp;&amp; gar_ch() &amp;&amp; gar_sig() &amp;&amp; gar_bm(); }\r\nbool gar_sq() { return true; }\r\nbool ass_ph() { return gar_ch() &amp;&amp; gar_sig() &amp;&amp; gar_bm() &amp;&amp; gar_sq(); }\r\nbool gar_ph() { return true; }\r\nbool ass_env() { return TimingOk &amp;&amp; ConfigAdmissible &amp;&amp; BeamCmdAdmissible &amp;&amp; NetDeliveryOk; }</declaration>\r\n  <template>\r\n    <name>Template_A_CH</name>\r\n    <location id="Template_A_CH_0" x="0" y="0">\r\n      <name x="-58" y="-38">ChannelNominal</name>\r\n    </location>\r\n    <location id="Template_A_CH_1" x="300" y="180">\r\n      <name x="242" y="142">MeasurePending</name>\r\n      <label kind="invariant" x="236" y="214">c_meas &lt;= T_meas + J_meas</label>\r\n    </location>\r\n    <location id="Template_A_CH_2" x="660" y="-260">\r\n      <name x="602" y="-298">InterferenceLimited</name>\r\n    </location>\r\n    <location id="Template_A_CH_3" x="660" y="-80">\r\n      <name x="602" y="-118">MobilityLimited</name>\r\n    </location>\r\n    <location id="Template_A_CH_4" x="660" y="100">\r\n      <name x="602" y="62">MultipathLimited</name>\r\n    </location>\r\n    <location id="Template_A_CH_5" x="960" y="-440">\r\n      <name x="902" y="-478">Blockage</name>\r\n    </location>\r\n    <location id="Template_A_CH_6" x="960" y="-640">\r\n      <name x="902" y="-678">Outage</name>\r\n    </location>\r\n    <location id="Template_A_CH_7" x="1280" y="0">\r\n      <name x="1222" y="-38">ContractViolation_CH</name>\r\n    </location>\r\n    <init ref="Template_A_CH_0" />\r\n    <transition>\r\n      <source ref="Template_A_CH_0" />\r\n      <target ref="Template_A_CH_1" />\r\n      <label kind="synchronisation" x="150" y="66">measure_tick?</label>\r\n      <label kind="assignment" x="150" y="108">c_meas = 0, channel_report_pending = true</label>\r\n    </transition>\r\n    <transition>\r\n      <source ref="Template_A_CH_0" />\r\n      <target ref="Template_A_CH_0" />\r\n      <label kind="synchronisation" x="118" y="-142">power_cmd?</label>\r\n      <nail x="-95" y="-110" />\r\n      <nail x="95" y="-110" />\r\n    </transition>\r\n    <transition>\r\n      <source ref="Template_A_CH_1" />\r\n      <target ref="Template_A_CH_1" />\r\n      <label kind="synchronisation" x="418" y="274">power_cmd?</label>\r\n      <nail x="205" y="290" />\r\n      <nail x="395" y="290" />\r\n    </transition>\r\n    <transition>\r\n      <source ref="Template_A_CH_2" />\r\n      <target ref="Template_A_CH_1" />\r\n      <label kind="synchronisation" x="480" y="322">measure_tick?</label>\r\n      <label kind="assignment" x="480" y="364">c_meas = 0, channel_report_pending = true</label>\r\n      <nail x="580" y="400" />\r\n      <nail x="380" y="400" />\r\n    </transition>\r\n    <transition>\r\n      <source ref="Template_A_CH_2" />\r\n      <target ref="Template_A_CH_2" />\r\n      <label kind="synchronisation" x="778" y="-402">power_cmd?</label>\r\n      <nail x="565" y="-370" />\r\n      <nail x="755" y="-370" />\r\n    </transition>\r\n    <transition>\r\n      <source ref="Template_A_CH_3" />\r\n      <target ref="Template_A_CH_1" />\r\n      <label kind="synchronisation" x="480" y="322">measure_tick?</label>\r\n      <label kind="assignment" x="480" y="364">c_meas = 0, channel_report_pending = true</label>\r\n      <nail x="580" y="400" />\r\n      <nail x="380" y="400" />\r\n    </transition>\r\n    <transition>\r\n      <source ref="Template_A_CH_3" />\r\n      <target ref="Template_A_CH_3" />\r\n      <label kind="synchronisation" x="778" y="-222">power_cmd?</label>\r\n      <nail x="565" y="-190" />\r\n      <nail x="755" y="-190" />\r\n    </transition>\r\n    <transition>\r\n      <source ref="Template_A_CH_4" />\r\n      <target ref="Template_A_CH_1" />\r\n      <label kind="synchronisation" x="480" y="322">measure_tick?</label>\r\n      <label kind="assignment" x="480" y="364">c_meas = 0, channel_report_pending = true</label>\r\n      <nail x="580" y="400" />\r\n      <nail x="380" y="400" />\r\n    </transition>\r\n    <transition>\r\n      <source ref="Template_A_CH_4" />\r\n      <target ref="Template_A_CH_4" />\r\n      <label kind="synchronisation" x="778" y="194">power_cmd?</label>\r\n      <nail x="565" y="210" />\r\n      <nail x="755" y="210" />\r\n    </transition>\r\n    <transition>\r\n      <source ref="Template_A_CH_5" />\r\n      <target ref="Template_A_CH_1" />\r\n      <label kind="synchronisation" x="630" y="322">measure_tick?</label>\r\n      <label kind="assignment" x="630" y="364">c_meas = 0, channel_report_pending = true</label>\r\n      <nail x="880" y="400" />\r\n      <nail x="380" y="400" />\r\n    </transition>\r\n    <transition>\r\n      <source ref="Template_A_CH_5" />\r\n      <target ref="Template_A_CH_5" />\r\n      <label kind="synchronisation" x="1078" y="-582">power_cmd?</label>\r\n      <nail x="865" y="-550" />\r\n      <nail x="1055" y="-550" />\r\n    </transition>\r\n    <transition>\r\n      <source ref="Template_A_CH_6" />\r\n      <target ref="Template_A_CH_1" />\r\n      <label kind="synchronisation" x="630" y="322">measure_tick?</label>\r\n      <label kind="assignment" x="630" y="364">c_meas = 0, channel_report_pending = true</label>\r\n      <nail x="880" y="400" />\r\n      <nail x="380" y="400" />\r\n    </transition>\r\n    <transition>\r\n      <source ref="Template_A_CH_6" />\r\n      <target ref="Template_A_CH_6" />\r\n      <label kind="synchronisation" x="1078" y="-782">power_cmd?</label>\r\n      <nail x="865" y="-750" />\r\n      <nail x="1055" y="-750" />\r\n    </transition>\r\n    <transition>\r\n      <source ref="Template_A_CH_7" />\r\n      <target ref="Template_A_CH_1" />\r\n      <label kind="synchronisation" x="790" y="322">measure_tick?</label>\r\n      <label kind="assignment" x="790" y="364">c_meas = 0, channel_report_pending = true</label>\r\n      <nail x="1200" y="400" />\r\n      <nail x="380" y="400" />\r\n    </transition>\r\n    <transition>\r\n      <source ref="Template_A_CH_7" />\r\n      <target ref="Template_A_CH_7" />\r\n      <label kind="synchronisation" x="1398" y="-142">power_cmd?</label>\r\n      <label kind="comments" x="1398" y="-56">deadline or contract failure branch</label>\r\n      <nail x="1185" y="-110" />\r\n      <nail x="1375" y="-110" />\r\n    </transition>\r\n    <transition>\r\n      <source ref="Template_A_CH_1" />\r\n      <target ref="Template_A_CH_0" />\r\n      <label kind="guard" x="150" y="288">env_scenario == SCENARIO_NORMAL &amp;&amp; c_meas &lt;= D_meas</label>\r\n      <label kind="synchronisation" x="150" y="322">channel_report!</label>\r\n      <label kind="assignment" x="150" y="364">ChannelClass = highest_priority_CH(), channel_degraded_flag = false,\r\nch_enabled_count = 1, channel_report_pending = false, c_meas = 0</label>\r\n      <label kind="comments" x="150" y="408">publish report and update finite state</label>\r\n      <nail x="220" y="400" />\r\n      <nail x="80" y="400" />\r\n    </transition>\r\n    <transition>\r\n      <source ref="Template_A_CH_1" />\r\n      <target ref="Template_A_CH_2" />\r\n      <label kind="guard" x="480" y="-98">env_scenario == SCENARIO_COMM_DEGRADED &amp;&amp; c_meas &lt;= D_meas</label>\r\n      <label kind="synchronisation" x="480" y="-64">channel_report!</label>\r\n      <label kind="assignment" x="480" y="-22">ChannelClass = highest_priority_CH(), channel_degraded_flag = true,\r\nch_enabled_count = 1, channel_report_pending = false, c_meas = 0</label>\r\n      <label kind="comments" x="480" y="22">publish report and update finite state</label>\r\n    </transition>\r\n    <transition>\r\n      <source ref="Template_A_CH_1" />\r\n      <target ref="Template_A_CH_3" />\r\n      <label kind="guard" x="480" y="-8">env_scenario == SCENARIO_SENSING_DEGRADED &amp;&amp; c_meas &lt;= D_meas</label>\r\n      <label kind="synchronisation" x="480" y="26">channel_report!</label>\r\n      <label kind="assignment" x="480" y="68">ChannelClass = highest_priority_CH(), channel_degraded_flag = true,\r\nch_enabled_count = 1, channel_report_pending = false, c_meas = 0</label>\r\n      <label kind="comments" x="480" y="112">publish report and update finite state</label>\r\n    </transition>\r\n    <transition>\r\n      <source ref="Template_A_CH_1" />\r\n      <target ref="Template_A_CH_6" />\r\n      <label kind="guard" x="630" y="-288">env_scenario == SCENARIO_JOINT_DEGRADED &amp;&amp; c_meas &lt;= D_meas</label>\r\n      <label kind="synchronisation" x="630" y="-254">channel_report!</label>\r\n      <label kind="assignment" x="630" y="-212">ChannelClass = highest_priority_CH(), channel_degraded_flag = true,\r\nch_enabled_count = 1, channel_report_pending = false, c_meas = 0</label>\r\n      <label kind="comments" x="630" y="-168">publish report and update finite state</label>\r\n    </transition>\r\n    <transition>\r\n      <source ref="Template_A_CH_2" />\r\n      <target ref="Template_A_CH_2" />\r\n      <label kind="synchronisation" x="778" y="-448">channel_degraded!</label>\r\n      <nail x="565" y="-416" />\r\n      <nail x="755" y="-416" />\r\n    </transition>\r\n    <transition>\r\n      <source ref="Template_A_CH_3" />\r\n      <target ref="Template_A_CH_3" />\r\n      <label kind="synchronisation" x="778" y="-268">mobility_alert!</label>\r\n      <nail x="565" y="-236" />\r\n      <nail x="755" y="-236" />\r\n    </transition>\r\n    <transition>\r\n      <source ref="Template_A_CH_4" />\r\n      <target ref="Template_A_CH_4" />\r\n      <label kind="synchronisation" x="778" y="240">multipath_alert!</label>\r\n      <nail x="565" y="256" />\r\n      <nail x="755" y="256" />\r\n    </transition>\r\n    <transition>\r\n      <source ref="Template_A_CH_5" />\r\n      <target ref="Template_A_CH_5" />\r\n      <label kind="synchronisation" x="1078" y="-628">blockage_detected!</label>\r\n      <nail x="865" y="-596" />\r\n      <nail x="1055" y="-596" />\r\n    </transition>\r\n    <transition>\r\n      <source ref="Template_A_CH_6" />\r\n      <target ref="Template_A_CH_6" />\r\n      <label kind="synchronisation" x="1078" y="-828">phy_outage!</label>\r\n      <nail x="865" y="-796" />\r\n      <nail x="1055" y="-796" />\r\n    </transition>\r\n    <transition>\r\n      <source ref="Template_A_CH_0" />\r\n      <target ref="Template_A_CH_7" />\r\n      <label kind="guard" x="1000" y="-116">!ass_ch()</label>\r\n      <label kind="synchronisation" x="1000" y="-82">contract_violation_ch!</label>\r\n      <label kind="comments" x="1000" y="4">deadline or contract failure branch</label>\r\n      <nail x="1120" y="-58" />\r\n      <nail x="1120" y="-58" />\r\n    </transition>\r\n    <transition>\r\n      <source ref="Template_A_CH_1" />\r\n      <target ref="Template_A_CH_7" />\r\n      <label kind="guard" x="1000" y="90">!ass_ch()</label>\r\n      <label kind="synchronisation" x="1000" y="124">contract_violation_ch!</label>\r\n      <label kind="comments" x="1000" y="210">deadline or contract failure branch</label>\r\n      <nail x="1120" y="238" />\r\n      <nail x="1120" y="58" />\r\n    </transition>\r\n    <transition>\r\n      <source ref="Template_A_CH_2" />\r\n      <target ref="Template_A_CH_7" />\r\n      <label kind="guard" x="1000" y="-304">!ass_ch()</label>\r\n      <label kind="synchronisation" x="1000" y="-270">contract_violation_ch!</label>\r\n      <label kind="comments" x="1000" y="-184">deadline or contract failure branch</label>\r\n      <nail x="1120" y="-376" />\r\n      <nail x="1120" y="-116" />\r\n    </transition>\r\n    <transition>\r\n      <source ref="Template_A_CH_3" />\r\n      <target ref="Template_A_CH_7" />\r\n      <label kind="guard" x="1000" y="18">!ass_ch()</label>\r\n      <label kind="synchronisation" x="1000" y="52">contract_violation_ch!</label>\r\n      <label kind="comments" x="1000" y="138">deadline or contract failure branch</label>\r\n      <nail x="1120" y="36" />\r\n      <nail x="1120" y="116" />\r\n    </transition>\r\n    <transition>\r\n      <source ref="Template_A_CH_4" />\r\n      <target ref="Template_A_CH_7" />\r\n      <label kind="guard" x="1000" y="-182">!ass_ch()</label>\r\n      <label kind="synchronisation" x="1000" y="-148">contract_violation_ch!</label>\r\n      <label kind="comments" x="1000" y="-62">deadline or contract failure branch</label>\r\n      <nail x="1120" y="-74" />\r\n      <nail x="1120" y="-174" />\r\n    </transition>\r\n    <transition>\r\n      <source ref="Template_A_CH_5" />\r\n      <target ref="Template_A_CH_7" />\r\n      <label kind="guard" x="1000" y="-104">!ass_ch()</label>\r\n      <label kind="synchronisation" x="1000" y="-70">contract_violation_ch!</label>\r\n      <label kind="comments" x="1000" y="16">deadline or contract failure branch</label>\r\n      <nail x="1120" y="-266" />\r\n      <nail x="1120" y="174" />\r\n    </transition>\r\n    <transition>\r\n      <source ref="Template_A_CH_6" />\r\n      <target ref="Template_A_CH_7" />\r\n      <label kind="guard" x="1000" y="-610">!ass_ch()</label>\r\n      <label kind="synchronisation" x="1000" y="-576">contract_violation_ch!</label>\r\n      <label kind="comments" x="1000" y="-490">deadline or contract failure branch</label>\r\n      <nail x="1120" y="-872" />\r\n      <nail x="1120" y="-232" />\r\n    </transition>\r\n  </template>\r\n  <template>\r\n    <name>Template_A_SIG</name>\r\n    <location id="Template_A_SIG_0" x="0" y="0">\r\n      <name x="-58" y="-38">SignalNominal</name>\r\n    </location>\r\n    <location id="Template_A_SIG_1" x="620" y="0">\r\n      <name x="562" y="-38">PilotBasedSensing</name>\r\n    </location>\r\n    <location id="Template_A_SIG_2" x="900" y="0">\r\n      <name x="842" y="-38">PayloadAssistedSensing</name>\r\n    </location>\r\n    <location id="Template_A_SIG_3" x="300" y="200">\r\n      <name x="242" y="162">SignalReconfiguring</name>\r\n      <label kind="invariant" x="236" y="234">c_sig &lt;= D_sig</label>\r\n    </location>\r\n    <location id="Template_A_SIG_4" x="1180" y="-220">\r\n      <name x="1122" y="-258">SignalLimited</name>\r\n    </location>\r\n    <location id="Template_A_SIG_5" x="1480" y="0">\r\n      <name x="1422" y="-38">ContractViolation_SIG</name>\r\n    </location>\r\n    <init ref="Template_A_SIG_0" />\r\n    <transition>\r\n      <source ref="Template_A_SIG_0" />\r\n      <target ref="Template_A_SIG_3" />\r\n      <label kind="synchronisation" x="150" y="76">waveform_config?</label>\r\n      <label kind="assignment" x="150" y="118">c_sig = 0, signal_report_pending = true</label>\r\n    </transition>\r\n    <transition>\r\n      <source ref="Template_A_SIG_0" />\r\n      <target ref="Template_A_SIG_3" />\r\n      <label kind="synchronisation" x="150" y="18">pilot_config?</label>\r\n      <label kind="assignment" x="150" y="60">c_sig = 0, signal_report_pending = true</label>\r\n      <nail x="100" y="42" />\r\n      <nail x="200" y="42" />\r\n    </transition>\r\n    <transition>\r\n      <source ref="Template_A_SIG_0" />\r\n      <target ref="Template_A_SIG_3" />\r\n      <label kind="synchronisation" x="150" y="134">prs_config?</label>\r\n      <label kind="assignment" x="150" y="176">c_sig = 0, signal_report_pending = true</label>\r\n      <nail x="100" y="158" />\r\n      <nail x="200" y="158" />\r\n    </transition>\r\n    <transition>\r\n      <source ref="Template_A_SIG_0" />\r\n      <target ref="Template_A_SIG_3" />\r\n      <label kind="synchronisation" x="150" y="-40">payload_sensing_config?</label>\r\n      <label kind="assignment" x="150" y="2">c_sig = 0, signal_report_pending = true</label>\r\n      <nail x="100" y="-16" />\r\n      <nail x="200" y="-16" />\r\n    </transition>\r\n    <transition>\r\n      <source ref="Template_A_SIG_0" />\r\n      <target ref="Template_A_SIG_3" />\r\n      <label kind="synchronisation" x="150" y="192">sensing_mode_cmd?</label>\r\n      <label kind="assignment" x="150" y="234">c_sig = 0, signal_report_pending = true</label>\r\n      <nail x="100" y="216" />\r\n      <nail x="200" y="216" />\r\n    </transition>\r\n    <transition>\r\n      <source ref="Template_A_SIG_1" />\r\n      <target ref="Template_A_SIG_3" />\r\n      <label kind="synchronisation" x="460" y="342">waveform_config?</label>\r\n      <label kind="assignment" x="460" y="384">c_sig = 0, signal_report_pending = true</label>\r\n      <nail x="540" y="420" />\r\n      <nail x="380" y="420" />\r\n    </transition>\r\n    <transition>\r\n      <source ref="Template_A_SIG_1" />\r\n      <target ref="Template_A_SIG_3" />\r\n      <label kind="synchronisation" x="460" y="400">pilot_config?</label>\r\n      <label kind="assignment" x="460" y="442">c_sig = 0, signal_report_pending = true</label>\r\n      <nail x="540" y="478" />\r\n      <nail x="380" y="478" />\r\n    </transition>\r\n    <transition>\r\n      <source ref="Template_A_SIG_1" />\r\n      <target ref="Template_A_SIG_3" />\r\n      <label kind="synchronisation" x="460" y="458">prs_config?</label>\r\n      <label kind="assignment" x="460" y="500">c_sig = 0, signal_report_pending = true</label>\r\n      <nail x="540" y="536" />\r\n      <nail x="380" y="536" />\r\n    </transition>\r\n    <transition>\r\n      <source ref="Template_A_SIG_1" />\r\n      <target ref="Template_A_SIG_3" />\r\n      <label kind="synchronisation" x="460" y="516">payload_sensing_config?</label>\r\n      <label kind="assignment" x="460" y="558">c_sig = 0, signal_report_pending = true</label>\r\n      <nail x="540" y="594" />\r\n      <nail x="380" y="594" />\r\n    </transition>\r\n    <transition>\r\n      <source ref="Template_A_SIG_1" />\r\n      <target ref="Template_A_SIG_3" />\r\n      <label kind="synchronisation" x="460" y="574">sensing_mode_cmd?</label>\r\n      <label kind="assignment" x="460" y="616">c_sig = 0, signal_report_pending = true</label>\r\n      <nail x="540" y="652" />\r\n      <nail x="380" y="652" />\r\n    </transition>\r\n    <transition>\r\n      <source ref="Template_A_SIG_2" />\r\n      <target ref="Template_A_SIG_3" />\r\n      <label kind="synchronisation" x="600" y="342">waveform_config?</label>\r\n      <label kind="assignment" x="600" y="384">c_sig = 0, signal_report_pending = true</label>\r\n      <nail x="820" y="420" />\r\n      <nail x="380" y="420" />\r\n    </transition>\r\n    <transition>\r\n      <source ref="Template_A_SIG_2" />\r\n      <target ref="Template_A_SIG_3" />\r\n      <label kind="synchronisation" x="600" y="400">pilot_config?</label>\r\n      <label kind="assignment" x="600" y="442">c_sig = 0, signal_report_pending = true</label>\r\n      <nail x="820" y="478" />\r\n      <nail x="380" y="478" />\r\n    </transition>\r\n    <transition>\r\n      <source ref="Template_A_SIG_2" />\r\n      <target ref="Template_A_SIG_3" />\r\n      <label kind="synchronisation" x="600" y="458">prs_config?</label>\r\n      <label kind="assignment" x="600" y="500">c_sig = 0, signal_report_pending = true</label>\r\n      <nail x="820" y="536" />\r\n      <nail x="380" y="536" />\r\n    </transition>\r\n    <transition>\r\n      <source ref="Template_A_SIG_2" />\r\n      <target ref="Template_A_SIG_3" />\r\n      <label kind="synchronisation" x="600" y="516">payload_sensing_config?</label>\r\n      <label kind="assignment" x="600" y="558">c_sig = 0, signal_report_pending = true</label>\r\n      <nail x="820" y="594" />\r\n      <nail x="380" y="594" />\r\n    </transition>\r\n    <transition>\r\n      <source ref="Template_A_SIG_2" />\r\n      <target ref="Template_A_SIG_3" />\r\n      <label kind="synchronisation" x="600" y="574">sensing_mode_cmd?</label>\r\n      <label kind="assignment" x="600" y="616">c_sig = 0, signal_report_pending = true</label>\r\n      <nail x="820" y="652" />\r\n      <nail x="380" y="652" />\r\n    </transition>\r\n    <transition>\r\n      <source ref="Template_A_SIG_3" />\r\n      <target ref="Template_A_SIG_3" />\r\n      <label kind="synchronisation" x="418" y="294">waveform_config?</label>\r\n      <label kind="assignment" x="418" y="336">c_sig = 0, signal_report_pending = true</label>\r\n      <nail x="205" y="310" />\r\n      <nail x="395" y="310" />\r\n    </transition>\r\n    <transition>\r\n      <source ref="Template_A_SIG_3" />\r\n      <target ref="Template_A_SIG_3" />\r\n      <label kind="synchronisation" x="418" y="340">pilot_config?</label>\r\n      <label kind="assignment" x="418" y="382">c_sig = 0, signal_report_pending = true</label>\r\n      <nail x="205" y="356" />\r\n      <nail x="395" y="356" />\r\n    </transition>\r\n    <transition>\r\n      <source ref="Template_A_SIG_3" />\r\n      <target ref="Template_A_SIG_3" />\r\n      <label kind="synchronisation" x="418" y="386">prs_config?</label>\r\n      <label kind="assignment" x="418" y="428">c_sig = 0, signal_report_pending = true</label>\r\n      <nail x="205" y="402" />\r\n      <nail x="395" y="402" />\r\n    </transition>\r\n    <transition>\r\n      <source ref="Template_A_SIG_3" />\r\n      <target ref="Template_A_SIG_3" />\r\n      <label kind="synchronisation" x="418" y="432">payload_sensing_config?</label>\r\n      <label kind="assignment" x="418" y="474">c_sig = 0, signal_report_pending = true</label>\r\n      <nail x="205" y="448" />\r\n      <nail x="395" y="448" />\r\n    </transition>\r\n    <transition>\r\n      <source ref="Template_A_SIG_3" />\r\n      <target ref="Template_A_SIG_3" />\r\n      <label kind="synchronisation" x="418" y="478">sensing_mode_cmd?</label>\r\n      <label kind="assignment" x="418" y="520">c_sig = 0, signal_report_pending = true</label>\r\n      <nail x="205" y="494" />\r\n      <nail x="395" y="494" />\r\n    </transition>\r\n    <transition>\r\n      <source ref="Template_A_SIG_4" />\r\n      <target ref="Template_A_SIG_3" />\r\n      <label kind="synchronisation" x="740" y="342">waveform_config?</label>\r\n      <label kind="assignment" x="740" y="384">c_sig = 0, signal_report_pending = true</label>\r\n      <nail x="1100" y="420" />\r\n      <nail x="380" y="420" />\r\n    </transition>\r\n    <transition>\r\n      <source ref="Template_A_SIG_4" />\r\n      <target ref="Template_A_SIG_3" />\r\n      <label kind="synchronisation" x="740" y="400">pilot_config?</label>\r\n      <label kind="assignment" x="740" y="442">c_sig = 0, signal_report_pending = true</label>\r\n      <nail x="1100" y="478" />\r\n      <nail x="380" y="478" />\r\n    </transition>\r\n    <transition>\r\n      <source ref="Template_A_SIG_4" />\r\n      <target ref="Template_A_SIG_3" />\r\n      <label kind="synchronisation" x="740" y="458">prs_config?</label>\r\n      <label kind="assignment" x="740" y="500">c_sig = 0, signal_report_pending = true</label>\r\n      <nail x="1100" y="536" />\r\n      <nail x="380" y="536" />\r\n    </transition>\r\n    <transition>\r\n      <source ref="Template_A_SIG_4" />\r\n      <target ref="Template_A_SIG_3" />\r\n      <label kind="synchronisation" x="740" y="516">payload_sensing_config?</label>\r\n      <label kind="assignment" x="740" y="558">c_sig = 0, signal_report_pending = true</label>\r\n      <nail x="1100" y="594" />\r\n      <nail x="380" y="594" />\r\n    </transition>\r\n    <transition>\r\n      <source ref="Template_A_SIG_4" />\r\n      <target ref="Template_A_SIG_3" />\r\n      <label kind="synchronisation" x="740" y="574">sensing_mode_cmd?</label>\r\n      <label kind="assignment" x="740" y="616">c_sig = 0, signal_report_pending = true</label>\r\n      <nail x="1100" y="652" />\r\n      <nail x="380" y="652" />\r\n    </transition>\r\n    <transition>\r\n      <source ref="Template_A_SIG_5" />\r\n      <target ref="Template_A_SIG_3" />\r\n      <label kind="synchronisation" x="890" y="342">waveform_config?</label>\r\n      <label kind="assignment" x="890" y="384">c_sig = 0, signal_report_pending = true</label>\r\n      <nail x="1400" y="420" />\r\n      <nail x="380" y="420" />\r\n    </transition>\r\n    <transition>\r\n      <source ref="Template_A_SIG_5" />\r\n      <target ref="Template_A_SIG_3" />\r\n      <label kind="synchronisation" x="890" y="400">pilot_config?</label>\r\n      <label kind="assignment" x="890" y="442">c_sig = 0, signal_report_pending = true</label>\r\n      <nail x="1400" y="478" />\r\n      <nail x="380" y="478" />\r\n    </transition>\r\n    <transition>\r\n      <source ref="Template_A_SIG_5" />\r\n      <target ref="Template_A_SIG_3" />\r\n      <label kind="synchronisation" x="890" y="458">prs_config?</label>\r\n      <label kind="assignment" x="890" y="500">c_sig = 0, signal_report_pending = true</label>\r\n      <nail x="1400" y="536" />\r\n      <nail x="380" y="536" />\r\n    </transition>\r\n    <transition>\r\n      <source ref="Template_A_SIG_5" />\r\n      <target ref="Template_A_SIG_3" />\r\n      <label kind="synchronisation" x="890" y="516">payload_sensing_config?</label>\r\n      <label kind="assignment" x="890" y="558">c_sig = 0, signal_report_pending = true</label>\r\n      <nail x="1400" y="594" />\r\n      <nail x="380" y="594" />\r\n    </transition>\r\n    <transition>\r\n      <source ref="Template_A_SIG_5" />\r\n      <target ref="Template_A_SIG_3" />\r\n      <label kind="synchronisation" x="890" y="574">sensing_mode_cmd?</label>\r\n      <label kind="assignment" x="890" y="616">c_sig = 0, signal_report_pending = true</label>\r\n      <nail x="1400" y="652" />\r\n      <nail x="380" y="652" />\r\n    </transition>\r\n    <transition>\r\n      <source ref="Template_A_SIG_3" />\r\n      <target ref="Template_A_SIG_0" />\r\n      <label kind="guard" x="150" y="308">c_sig &lt;= D_sig</label>\r\n      <label kind="synchronisation" x="150" y="342">signal_report!</label>\r\n      <label kind="assignment" x="150" y="384">SignalClass = SIGNALCLASS_RECONFIGURING, signal_report_pending = false,\r\nc_sig = 0</label>\r\n      <label kind="comments" x="150" y="428">publish report and update finite state</label>\r\n      <nail x="220" y="420" />\r\n      <nail x="80" y="420" />\r\n    </transition>\r\n    <transition>\r\n      <source ref="Template_A_SIG_0" />\r\n      <target ref="Template_A_SIG_1" />\r\n      <label kind="guard" x="310" y="-58">PilotDensityClass == PILOTDENSITYCLASS_OK &amp;&amp; BLERClass == BLERCLASS_OK &amp;&amp; DRTClass == DRTCLASS_OK</label>\r\n      <label kind="synchronisation" x="310" y="-24">signal_report!</label>\r\n      <label kind="assignment" x="310" y="18">SignalClass = SIGNALCLASS_PILOT_BASED, signal_report_pending = false,\r\nc_sig = 0</label>\r\n      <label kind="comments" x="310" y="62">publish report and update finite state</label>\r\n    </transition>\r\n    <transition>\r\n      <source ref="Template_A_SIG_1" />\r\n      <target ref="Template_A_SIG_2" />\r\n      <label kind="guard" x="760" y="-58">PilotDensityClass == PILOTDENSITYCLASS_LOW &amp;&amp; PayloadSenseClass != PAYLOADSENSECLASS_FAILED</label>\r\n      <label kind="synchronisation" x="760" y="-24">signal_report!</label>\r\n      <label kind="assignment" x="760" y="18">SignalClass = SIGNALCLASS_PAYLOAD_ASSISTED, signal_report_pending = false,\r\nc_sig = 0</label>\r\n      <label kind="comments" x="760" y="62">publish report and update finite state</label>\r\n    </transition>\r\n    <transition>\r\n      <source ref="Template_A_SIG_2" />\r\n      <target ref="Template_A_SIG_4" />\r\n      <label kind="guard" x="1040" y="-168">BLERClass != BLERCLASS_OK || DRTClass == DRTCLASS_BAD || PayloadSenseClass == PAYLOADSENSECLASS_FAILED</label>\r\n      <label kind="synchronisation" x="1040" y="-134">signal_report!</label>\r\n      <label kind="assignment" x="1040" y="-92">SignalClass = SIGNALCLASS_LIMITED, signal_report_pending = false,\r\nsignal_degraded_flag = true, c_sig = 0</label>\r\n      <label kind="comments" x="1040" y="-48">publish report and update finite state</label>\r\n    </transition>\r\n    <transition>\r\n      <source ref="Template_A_SIG_4" />\r\n      <target ref="Template_A_SIG_4" />\r\n      <label kind="synchronisation" x="1298" y="-362">signal_degraded!</label>\r\n      <nail x="1085" y="-330" />\r\n      <nail x="1275" y="-330" />\r\n    </transition>\r\n    <transition>\r\n      <source ref="Template_A_SIG_4" />\r\n      <target ref="Template_A_SIG_3" />\r\n      <label kind="synchronisation" x="740" y="632">waveform_config?</label>\r\n      <label kind="assignment" x="740" y="674">c_sig = 0</label>\r\n      <nail x="1100" y="710" />\r\n      <nail x="380" y="710" />\r\n    </transition>\r\n    <transition>\r\n      <source ref="Template_A_SIG_0" />\r\n      <target ref="Template_A_SIG_5" />\r\n      <label kind="guard" x="1200" y="-58">!ass_sig()</label>\r\n      <label kind="synchronisation" x="1200" y="-24">contract_violation_sig!</label>\r\n      <label kind="comments" x="1200" y="62">deadline or contract failure branch</label>\r\n      <nail x="1320" y="0" />\r\n      <nail x="1320" y="0" />\r\n    </transition>\r\n    <transition>\r\n      <source ref="Template_A_SIG_1" />\r\n      <target ref="Template_A_SIG_5" />\r\n      <label kind="guard" x="1200" y="-116">!ass_sig()</label>\r\n      <label kind="synchronisation" x="1200" y="-82">contract_violation_sig!</label>\r\n      <label kind="comments" x="1200" y="4">deadline or contract failure branch</label>\r\n      <nail x="1320" y="-58" />\r\n      <nail x="1320" y="-58" />\r\n    </transition>\r\n    <transition>\r\n      <source ref="Template_A_SIG_2" />\r\n      <target ref="Template_A_SIG_5" />\r\n      <label kind="guard" x="1200" y="0">!ass_sig()</label>\r\n      <label kind="synchronisation" x="1200" y="34">contract_violation_sig!</label>\r\n      <label kind="comments" x="1200" y="120">deadline or contract failure branch</label>\r\n      <nail x="1320" y="58" />\r\n      <nail x="1320" y="58" />\r\n    </transition>\r\n    <transition>\r\n      <source ref="Template_A_SIG_3" />\r\n      <target ref="Template_A_SIG_5" />\r\n      <label kind="guard" x="1200" y="-74">!ass_sig()</label>\r\n      <label kind="synchronisation" x="1200" y="-40">contract_violation_sig!</label>\r\n      <label kind="comments" x="1200" y="46">deadline or contract failure branch</label>\r\n      <nail x="1320" y="84" />\r\n      <nail x="1320" y="-116" />\r\n    </transition>\r\n    <transition>\r\n      <source ref="Template_A_SIG_4" />\r\n      <target ref="Template_A_SIG_5" />\r\n      <label kind="guard" x="1200" y="-52">!ass_sig()</label>\r\n      <label kind="synchronisation" x="1200" y="-18">contract_violation_sig!</label>\r\n      <label kind="comments" x="1200" y="68">deadline or contract failure branch</label>\r\n      <nail x="1320" y="-104" />\r\n      <nail x="1320" y="116" />\r\n    </transition>\r\n  </template>\r\n  <template>\r\n    <name>Template_A_BM</name>\r\n    <location id="Template_A_BM_0" x="0" y="0">\r\n      <name x="-58" y="-38">BeamSearch</name>\r\n    </location>\r\n    <location id="Template_A_BM_1" x="280" y="0">\r\n      <name x="222" y="-38">BeamSearchSeen</name>\r\n    </location>\r\n    <location id="Template_A_BM_2" x="560" y="0">\r\n      <name x="502" y="-38">BeamTrack</name>\r\n    </location>\r\n    <location id="Template_A_BM_3" x="840" y="0">\r\n      <name x="782" y="-38">BeamLock</name>\r\n    </location>\r\n    <location id="Template_A_BM_4" x="840" y="-220">\r\n      <name x="782" y="-258">BeamPredict</name>\r\n    </location>\r\n    <location id="Template_A_BM_5" x="560" y="-260">\r\n      <name x="502" y="-298">BeamMisalign</name>\r\n    </location>\r\n    <location id="Template_A_BM_6" x="1120" y="220">\r\n      <name x="1062" y="182">BeamRecoveryStart</name>\r\n    </location>\r\n    <location id="Template_A_BM_7" x="1400" y="220">\r\n      <name x="1342" y="182">BeamRecover</name>\r\n      <label kind="invariant" x="1336" y="254">c_rec &lt;= D_BM</label>\r\n    </location>\r\n    <location id="Template_A_BM_8" x="1680" y="200">\r\n      <name x="1622" y="162">BeamHOAssist</name>\r\n    </location>\r\n    <location id="Template_A_BM_9" x="1680" y="-260">\r\n      <name x="1622" y="-298">BeamFailed</name>\r\n    </location>\r\n    <location id="Template_A_BM_10" x="1980" y="0">\r\n      <name x="1922" y="-38">ContractViolation_BM</name>\r\n    </location>\r\n    <init ref="Template_A_BM_0" />\r\n    <transition>\r\n      <source ref="Template_A_BM_0" />\r\n      <target ref="Template_A_BM_0" />\r\n      <label kind="synchronisation" x="118" y="-142">beam_cmd?</label>\r\n      <label kind="assignment" x="118" y="-100">BeamClass = BEAMCLASS_SEARCH, c_ssb = 0</label>\r\n      <nail x="-95" y="-110" />\r\n      <nail x="95" y="-110" />\r\n    </transition>\r\n    <transition>\r\n      <source ref="Template_A_BM_0" />\r\n      <target ref="Template_A_BM_0" />\r\n      <label kind="synchronisation" x="118" y="-188">ssb_burst_config?</label>\r\n      <label kind="assignment" x="118" y="-146">BeamClass = BEAMCLASS_SEARCH, c_ssb = 0</label>\r\n      <nail x="-95" y="-156" />\r\n      <nail x="95" y="-156" />\r\n    </transition>\r\n    <transition>\r\n      <source ref="Template_A_BM_0" />\r\n      <target ref="Template_A_BM_7" />\r\n      <label kind="synchronisation" x="700" y="86">recovery_cmd?</label>\r\n      <label kind="assignment" x="700" y="128">BeamClass = BEAMCLASS_RECOVERING, c_rec = 0</label>\r\n    </transition>\r\n    <transition>\r\n      <source ref="Template_A_BM_0" />\r\n      <target ref="Template_A_BM_8" />\r\n      <label kind="synchronisation" x="840" y="76">handover_assist_cmd?</label>\r\n      <label kind="assignment" x="840" y="118">BeamClass = BEAMCLASS_HO_ASSIST</label>\r\n    </transition>\r\n    <transition>\r\n      <source ref="Template_A_BM_1" />\r\n      <target ref="Template_A_BM_0" />\r\n      <label kind="synchronisation" x="140" y="142">beam_cmd?</label>\r\n      <label kind="assignment" x="140" y="184">BeamClass = BEAMCLASS_SEARCH, c_ssb = 0</label>\r\n      <nail x="200" y="220" />\r\n      <nail x="80" y="220" />\r\n    </transition>\r\n    <transition>\r\n      <source ref="Template_A_BM_1" />\r\n      <target ref="Template_A_BM_0" />\r\n      <label kind="synchronisation" x="140" y="200">ssb_burst_config?</label>\r\n      <label kind="assignment" x="140" y="242">BeamClass = BEAMCLASS_SEARCH, c_ssb = 0</label>\r\n      <nail x="200" y="278" />\r\n      <nail x="80" y="278" />\r\n    </transition>\r\n    <transition>\r\n      <source ref="Template_A_BM_1" />\r\n      <target ref="Template_A_BM_7" />\r\n      <label kind="synchronisation" x="840" y="86">recovery_cmd?</label>\r\n      <label kind="assignment" x="840" y="128">BeamClass = BEAMCLASS_RECOVERING, c_rec = 0</label>\r\n    </transition>\r\n    <transition>\r\n      <source ref="Template_A_BM_1" />\r\n      <target ref="Template_A_BM_8" />\r\n      <label kind="synchronisation" x="980" y="76">handover_assist_cmd?</label>\r\n      <label kind="assignment" x="980" y="118">BeamClass = BEAMCLASS_HO_ASSIST</label>\r\n    </transition>\r\n    <transition>\r\n      <source ref="Template_A_BM_2" />\r\n      <target ref="Template_A_BM_0" />\r\n      <label kind="synchronisation" x="280" y="142">beam_cmd?</label>\r\n      <label kind="assignment" x="280" y="184">BeamClass = BEAMCLASS_SEARCH, c_ssb = 0</label>\r\n      <nail x="480" y="220" />\r\n      <nail x="80" y="220" />\r\n    </transition>\r\n    <transition>\r\n      <source ref="Template_A_BM_2" />\r\n      <target ref="Template_A_BM_0" />\r\n      <label kind="synchronisation" x="280" y="200">ssb_burst_config?</label>\r\n      <label kind="assignment" x="280" y="242">BeamClass = BEAMCLASS_SEARCH, c_ssb = 0</label>\r\n      <nail x="480" y="278" />\r\n      <nail x="80" y="278" />\r\n    </transition>\r\n    <transition>\r\n      <source ref="Template_A_BM_2" />\r\n      <target ref="Template_A_BM_7" />\r\n      <label kind="synchronisation" x="980" y="86">recovery_cmd?</label>\r\n      <label kind="assignment" x="980" y="128">BeamClass = BEAMCLASS_RECOVERING, c_rec = 0</label>\r\n    </transition>\r\n    <transition>\r\n      <source ref="Template_A_BM_2" />\r\n      <target ref="Template_A_BM_8" />\r\n      <label kind="synchronisation" x="1120" y="76">handover_assist_cmd?</label>\r\n      <label kind="assignment" x="1120" y="118">BeamClass = BEAMCLASS_HO_ASSIST</label>\r\n    </transition>\r\n    <transition>\r\n      <source ref="Template_A_BM_3" />\r\n      <target ref="Template_A_BM_0" />\r\n      <label kind="synchronisation" x="420" y="142">beam_cmd?</label>\r\n      <label kind="assignment" x="420" y="184">BeamClass = BEAMCLASS_SEARCH, c_ssb = 0</label>\r\n      <nail x="760" y="220" />\r\n      <nail x="80" y="220" />\r\n    </transition>\r\n    <transition>\r\n      <source ref="Template_A_BM_3" />\r\n      <target ref="Template_A_BM_0" />\r\n      <label kind="synchronisation" x="420" y="200">ssb_burst_config?</label>\r\n      <label kind="assignment" x="420" y="242">BeamClass = BEAMCLASS_SEARCH, c_ssb = 0</label>\r\n      <nail x="760" y="278" />\r\n      <nail x="80" y="278" />\r\n    </transition>\r\n    <transition>\r\n      <source ref="Template_A_BM_3" />\r\n      <target ref="Template_A_BM_7" />\r\n      <label kind="synchronisation" x="1120" y="86">recovery_cmd?</label>\r\n      <label kind="assignment" x="1120" y="128">BeamClass = BEAMCLASS_RECOVERING, c_rec = 0</label>\r\n    </transition>\r\n    <transition>\r\n      <source ref="Template_A_BM_3" />\r\n      <target ref="Template_A_BM_8" />\r\n      <label kind="synchronisation" x="1260" y="76">handover_assist_cmd?</label>\r\n      <label kind="assignment" x="1260" y="118">BeamClass = BEAMCLASS_HO_ASSIST</label>\r\n    </transition>\r\n    <transition>\r\n      <source ref="Template_A_BM_4" />\r\n      <target ref="Template_A_BM_0" />\r\n      <label kind="synchronisation" x="420" y="142">beam_cmd?</label>\r\n      <label kind="assignment" x="420" y="184">BeamClass = BEAMCLASS_SEARCH, c_ssb = 0</label>\r\n      <nail x="760" y="220" />\r\n      <nail x="80" y="220" />\r\n    </transition>\r\n    <transition>\r\n      <source ref="Template_A_BM_4" />\r\n      <target ref="Template_A_BM_0" />\r\n      <label kind="synchronisation" x="420" y="200">ssb_burst_config?</label>\r\n      <label kind="assignment" x="420" y="242">BeamClass = BEAMCLASS_SEARCH, c_ssb = 0</label>\r\n      <nail x="760" y="278" />\r\n      <nail x="80" y="278" />\r\n    </transition>\r\n    <transition>\r\n      <source ref="Template_A_BM_4" />\r\n      <target ref="Template_A_BM_7" />\r\n      <label kind="synchronisation" x="1120" y="-24">recovery_cmd?</label>\r\n      <label kind="assignment" x="1120" y="18">BeamClass = BEAMCLASS_RECOVERING, c_rec = 0</label>\r\n    </transition>\r\n    <transition>\r\n      <source ref="Template_A_BM_4" />\r\n      <target ref="Template_A_BM_8" />\r\n      <label kind="synchronisation" x="1260" y="-34">handover_assist_cmd?</label>\r\n      <label kind="assignment" x="1260" y="8">BeamClass = BEAMCLASS_HO_ASSIST</label>\r\n    </transition>\r\n    <transition>\r\n      <source ref="Template_A_BM_5" />\r\n      <target ref="Template_A_BM_0" />\r\n      <label kind="synchronisation" x="280" y="142">beam_cmd?</label>\r\n      <label kind="assignment" x="280" y="184">BeamClass = BEAMCLASS_SEARCH, c_ssb = 0</label>\r\n      <nail x="480" y="220" />\r\n      <nail x="80" y="220" />\r\n    </transition>\r\n    <transition>\r\n      <source ref="Template_A_BM_5" />\r\n      <target ref="Template_A_BM_0" />\r\n      <label kind="synchronisation" x="280" y="200">ssb_burst_config?</label>\r\n      <label kind="assignment" x="280" y="242">BeamClass = BEAMCLASS_SEARCH, c_ssb = 0</label>\r\n      <nail x="480" y="278" />\r\n      <nail x="80" y="278" />\r\n    </transition>\r\n    <transition>\r\n      <source ref="Template_A_BM_5" />\r\n      <target ref="Template_A_BM_7" />\r\n      <label kind="synchronisation" x="980" y="-44">recovery_cmd?</label>\r\n      <label kind="assignment" x="980" y="-2">BeamClass = BEAMCLASS_RECOVERING, c_rec = 0</label>\r\n    </transition>\r\n    <transition>\r\n      <source ref="Template_A_BM_5" />\r\n      <target ref="Template_A_BM_8" />\r\n      <label kind="synchronisation" x="1120" y="-54">handover_assist_cmd?</label>\r\n      <label kind="assignment" x="1120" y="-12">BeamClass = BEAMCLASS_HO_ASSIST</label>\r\n    </transition>\r\n    <transition>\r\n      <source ref="Template_A_BM_6" />\r\n      <target ref="Template_A_BM_0" />\r\n      <label kind="synchronisation" x="560" y="362">beam_cmd?</label>\r\n      <label kind="assignment" x="560" y="404">BeamClass = BEAMCLASS_SEARCH, c_ssb = 0</label>\r\n      <nail x="1040" y="440" />\r\n      <nail x="80" y="440" />\r\n    </transition>\r\n    <transition>\r\n      <source ref="Template_A_BM_6" />\r\n      <target ref="Template_A_BM_0" />\r\n      <label kind="synchronisation" x="560" y="420">ssb_burst_config?</label>\r\n      <label kind="assignment" x="560" y="462">BeamClass = BEAMCLASS_SEARCH, c_ssb = 0</label>\r\n      <nail x="1040" y="498" />\r\n      <nail x="80" y="498" />\r\n    </transition>\r\n    <transition>\r\n      <source ref="Template_A_BM_6" />\r\n      <target ref="Template_A_BM_7" />\r\n      <label kind="synchronisation" x="1260" y="196">recovery_cmd?</label>\r\n      <label kind="assignment" x="1260" y="238">BeamClass = BEAMCLASS_RECOVERING, c_rec = 0</label>\r\n    </transition>\r\n    <transition>\r\n      <source ref="Template_A_BM_6" />\r\n      <target ref="Template_A_BM_8" />\r\n      <label kind="synchronisation" x="1400" y="186">handover_assist_cmd?</label>\r\n      <label kind="assignment" x="1400" y="228">BeamClass = BEAMCLASS_HO_ASSIST</label>\r\n    </transition>\r\n    <transition>\r\n      <source ref="Template_A_BM_7" />\r\n      <target ref="Template_A_BM_0" />\r\n      <label kind="synchronisation" x="700" y="362">beam_cmd?</label>\r\n      <label kind="assignment" x="700" y="404">BeamClass = BEAMCLASS_SEARCH, c_ssb = 0</label>\r\n      <nail x="1320" y="440" />\r\n      <nail x="80" y="440" />\r\n    </transition>\r\n    <transition>\r\n      <source ref="Template_A_BM_7" />\r\n      <target ref="Template_A_BM_0" />\r\n      <label kind="synchronisation" x="700" y="420">ssb_burst_config?</label>\r\n      <label kind="assignment" x="700" y="462">BeamClass = BEAMCLASS_SEARCH, c_ssb = 0</label>\r\n      <nail x="1320" y="498" />\r\n      <nail x="80" y="498" />\r\n    </transition>\r\n    <transition>\r\n      <source ref="Template_A_BM_7" />\r\n      <target ref="Template_A_BM_7" />\r\n      <label kind="synchronisation" x="1518" y="314">recovery_cmd?</label>\r\n      <label kind="assignment" x="1518" y="356">BeamClass = BEAMCLASS_RECOVERING, c_rec = 0</label>\r\n      <nail x="1305" y="330" />\r\n      <nail x="1495" y="330" />\r\n    </transition>\r\n    <transition>\r\n      <source ref="Template_A_BM_7" />\r\n      <target ref="Template_A_BM_8" />\r\n      <label kind="synchronisation" x="1540" y="186">handover_assist_cmd?</label>\r\n      <label kind="assignment" x="1540" y="228">BeamClass = BEAMCLASS_HO_ASSIST</label>\r\n    </transition>\r\n    <transition>\r\n      <source ref="Template_A_BM_8" />\r\n      <target ref="Template_A_BM_0" />\r\n      <label kind="synchronisation" x="840" y="342">beam_cmd?</label>\r\n      <label kind="assignment" x="840" y="384">BeamClass = BEAMCLASS_SEARCH, c_ssb = 0</label>\r\n      <nail x="1600" y="420" />\r\n      <nail x="80" y="420" />\r\n    </transition>\r\n    <transition>\r\n      <source ref="Template_A_BM_8" />\r\n      <target ref="Template_A_BM_0" />\r\n      <label kind="synchronisation" x="840" y="400">ssb_burst_config?</label>\r\n      <label kind="assignment" x="840" y="442">BeamClass = BEAMCLASS_SEARCH, c_ssb = 0</label>\r\n      <nail x="1600" y="478" />\r\n      <nail x="80" y="478" />\r\n    </transition>\r\n    <transition>\r\n      <source ref="Template_A_BM_8" />\r\n      <target ref="Template_A_BM_7" />\r\n      <label kind="synchronisation" x="1540" y="362">recovery_cmd?</label>\r\n      <label kind="assignment" x="1540" y="404">BeamClass = BEAMCLASS_RECOVERING, c_rec = 0</label>\r\n      <nail x="1600" y="440" />\r\n      <nail x="1480" y="440" />\r\n    </transition>\r\n    <transition>\r\n      <source ref="Template_A_BM_8" />\r\n      <target ref="Template_A_BM_8" />\r\n      <label kind="synchronisation" x="1798" y="294">handover_assist_cmd?</label>\r\n      <label kind="assignment" x="1798" y="336">BeamClass = BEAMCLASS_HO_ASSIST</label>\r\n      <nail x="1585" y="310" />\r\n      <nail x="1775" y="310" />\r\n    </transition>\r\n    <transition>\r\n      <source ref="Template_A_BM_9" />\r\n      <target ref="Template_A_BM_0" />\r\n      <label kind="synchronisation" x="840" y="142">beam_cmd?</label>\r\n      <label kind="assignment" x="840" y="184">BeamClass = BEAMCLASS_SEARCH, c_ssb = 0</label>\r\n      <nail x="1600" y="220" />\r\n      <nail x="80" y="220" />\r\n    </transition>\r\n    <transition>\r\n      <source ref="Template_A_BM_9" />\r\n      <target ref="Template_A_BM_0" />\r\n      <label kind="synchronisation" x="840" y="200">ssb_burst_config?</label>\r\n      <label kind="assignment" x="840" y="242">BeamClass = BEAMCLASS_SEARCH, c_ssb = 0</label>\r\n      <nail x="1600" y="278" />\r\n      <nail x="80" y="278" />\r\n    </transition>\r\n    <transition>\r\n      <source ref="Template_A_BM_9" />\r\n      <target ref="Template_A_BM_7" />\r\n      <label kind="synchronisation" x="1540" y="362">recovery_cmd?</label>\r\n      <label kind="assignment" x="1540" y="404">BeamClass = BEAMCLASS_RECOVERING, c_rec = 0</label>\r\n      <nail x="1600" y="440" />\r\n      <nail x="1480" y="440" />\r\n    </transition>\r\n    <transition>\r\n      <source ref="Template_A_BM_9" />\r\n      <target ref="Template_A_BM_8" />\r\n      <label kind="synchronisation" x="1680" y="-54">handover_assist_cmd?</label>\r\n      <label kind="assignment" x="1680" y="-12">BeamClass = BEAMCLASS_HO_ASSIST</label>\r\n    </transition>\r\n    <transition>\r\n      <source ref="Template_A_BM_10" />\r\n      <target ref="Template_A_BM_0" />\r\n      <label kind="synchronisation" x="990" y="142">beam_cmd?</label>\r\n      <label kind="assignment" x="990" y="184">BeamClass = BEAMCLASS_SEARCH, c_ssb = 0</label>\r\n      <nail x="1900" y="220" />\r\n      <nail x="80" y="220" />\r\n    </transition>\r\n    <transition>\r\n      <source ref="Template_A_BM_10" />\r\n      <target ref="Template_A_BM_0" />\r\n      <label kind="synchronisation" x="990" y="200">ssb_burst_config?</label>\r\n      <label kind="assignment" x="990" y="242">BeamClass = BEAMCLASS_SEARCH, c_ssb = 0</label>\r\n      <nail x="1900" y="278" />\r\n      <nail x="80" y="278" />\r\n    </transition>\r\n    <transition>\r\n      <source ref="Template_A_BM_10" />\r\n      <target ref="Template_A_BM_7" />\r\n      <label kind="synchronisation" x="1690" y="362">recovery_cmd?</label>\r\n      <label kind="assignment" x="1690" y="404">BeamClass = BEAMCLASS_RECOVERING, c_rec = 0</label>\r\n      <nail x="1900" y="440" />\r\n      <nail x="1480" y="440" />\r\n    </transition>\r\n    <transition>\r\n      <source ref="Template_A_BM_10" />\r\n      <target ref="Template_A_BM_8" />\r\n      <label kind="synchronisation" x="1830" y="342">handover_assist_cmd?</label>\r\n      <label kind="assignment" x="1830" y="384">BeamClass = BEAMCLASS_HO_ASSIST</label>\r\n      <nail x="1900" y="420" />\r\n      <nail x="1760" y="420" />\r\n    </transition>\r\n    <transition>\r\n      <source ref="Template_A_BM_0" />\r\n      <target ref="Template_A_BM_1" />\r\n      <label kind="synchronisation" x="140" y="-24">target_detected?</label>\r\n      <label kind="assignment" x="140" y="18">target_seen = true</label>\r\n    </transition>\r\n    <transition>\r\n      <source ref="Template_A_BM_1" />\r\n      <target ref="Template_A_BM_2" />\r\n      <label kind="guard" x="420" y="-58">PRSClass != PRSCLASS_FAILED</label>\r\n      <label kind="synchronisation" x="420" y="-24">beam_report!</label>\r\n      <label kind="assignment" x="420" y="18">BeamClass = BEAMCLASS_TRACK</label>\r\n      <label kind="comments" x="420" y="62">publish report and update finite state</label>\r\n    </transition>\r\n    <transition>\r\n      <source ref="Template_A_BM_2" />\r\n      <target ref="Template_A_BM_3" />\r\n      <label kind="guard" x="700" y="-58">BeamErrorClass == BEAMERRORCLASS_LOCKABLE</label>\r\n      <label kind="synchronisation" x="700" y="-24">beam_report!</label>\r\n      <label kind="assignment" x="700" y="18">BeamClass = BEAMCLASS_LOCKED</label>\r\n      <label kind="comments" x="700" y="62">publish report and update finite state</label>\r\n    </transition>\r\n    <transition>\r\n      <source ref="Template_A_BM_2" />\r\n      <target ref="Template_A_BM_5" />\r\n      <label kind="guard" x="560" y="-188">AccClass == ACCCLASS_FAILED || BeamErrorClass == BEAMERRORCLASS_CRITICAL</label>\r\n      <label kind="synchronisation" x="560" y="-154">beam_report!</label>\r\n      <label kind="assignment" x="560" y="-112">BeamClass = BEAMCLASS_MISALIGNED, beam_degraded_flag = true</label>\r\n      <label kind="comments" x="560" y="-68">publish report and update finite state</label>\r\n    </transition>\r\n    <transition>\r\n      <source ref="Template_A_BM_3" />\r\n      <target ref="Template_A_BM_3" />\r\n      <label kind="guard" x="958" y="-176">MisClass == MISCLASS_OK</label>\r\n      <label kind="synchronisation" x="958" y="-142">beam_report!</label>\r\n      <label kind="assignment" x="958" y="-100">BeamClass = BEAMCLASS_LOCKED</label>\r\n      <label kind="comments" x="958" y="-56">publish report and update finite state</label>\r\n      <nail x="745" y="-110" />\r\n      <nail x="935" y="-110" />\r\n    </transition>\r\n    <transition>\r\n      <source ref="Template_A_BM_3" />\r\n      <target ref="Template_A_BM_4" />\r\n      <label kind="guard" x="840" y="-168">MisClass == MISCLASS_WARN || BlockageClass == BLOCKAGECLASS_SUSPECTED</label>\r\n      <label kind="synchronisation" x="840" y="-134">beam_report!</label>\r\n      <label kind="assignment" x="840" y="-92">BeamClass = BEAMCLASS_PREDICT</label>\r\n      <label kind="comments" x="840" y="-48">publish report and update finite state</label>\r\n    </transition>\r\n    <transition>\r\n      <source ref="Template_A_BM_4" />\r\n      <target ref="Template_A_BM_6" />\r\n      <label kind="synchronisation" x="980" y="-24">extra_ssb_cmd?</label>\r\n      <label kind="assignment" x="980" y="18">c_rec = 0</label>\r\n    </transition>\r\n    <transition>\r\n      <source ref="Template_A_BM_6" />\r\n      <target ref="Template_A_BM_7" />\r\n      <label kind="synchronisation" x="1260" y="138">recovery_start!</label>\r\n      <label kind="assignment" x="1260" y="180">BeamClass = BEAMCLASS_RECOVERING</label>\r\n      <nail x="1213" y="162" />\r\n      <nail x="1307" y="162" />\r\n    </transition>\r\n    <transition>\r\n      <source ref="Template_A_BM_5" />\r\n      <target ref="Template_A_BM_6" />\r\n      <label kind="synchronisation" x="840" y="-44">beam_misaligned!</label>\r\n      <label kind="assignment" x="840" y="-2">c_rec = 0</label>\r\n    </transition>\r\n    <transition>\r\n      <source ref="Template_A_BM_7" />\r\n      <target ref="Template_A_BM_3" />\r\n      <label kind="guard" x="1120" y="328">BeamErrorClass == BEAMERRORCLASS_LOCKABLE &amp;&amp; c_rec &lt;= D_BM</label>\r\n      <label kind="synchronisation" x="1120" y="362">beam_restored!</label>\r\n      <label kind="assignment" x="1120" y="404">BeamClass = BEAMCLASS_LOCKED</label>\r\n      <label kind="comments" x="1120" y="448">beam recovery outcome</label>\r\n      <nail x="1320" y="440" />\r\n      <nail x="920" y="440" />\r\n    </transition>\r\n    <transition>\r\n      <source ref="Template_A_BM_7" />\r\n      <target ref="Template_A_BM_8" />\r\n      <label kind="guard" x="1540" y="94">BlockageClass == BLOCKAGECLASS_CONFIRMED &amp;&amp; c_rec &lt;= D_BM</label>\r\n      <label kind="synchronisation" x="1540" y="128">handover_hint!</label>\r\n      <label kind="assignment" x="1540" y="170">BeamClass = BEAMCLASS_HO_ASSIST</label>\r\n      <label kind="comments" x="1540" y="214">beam recovery outcome</label>\r\n      <nail x="1493" y="152" />\r\n      <nail x="1587" y="152" />\r\n    </transition>\r\n    <transition>\r\n      <source ref="Template_A_BM_7" />\r\n      <target ref="Template_A_BM_9" />\r\n      <label kind="guard" x="1540" y="-78">c_rec == D_BM &amp;&amp; BeamErrorClass != BEAMERRORCLASS_LOCKABLE &amp;&amp; BlockageClass != BLOCKAGECLASS_CONFIRMED</label>\r\n      <label kind="synchronisation" x="1540" y="-44">beam_failure!</label>\r\n      <label kind="assignment" x="1540" y="-2">BeamClass = BEAMCLASS_FAILED</label>\r\n      <label kind="comments" x="1540" y="42">beam recovery outcome</label>\r\n    </transition>\r\n    <transition>\r\n      <source ref="Template_A_BM_8" />\r\n      <target ref="Template_A_BM_2" />\r\n      <label kind="synchronisation" x="1120" y="342">new_beam_confirmed?</label>\r\n      <label kind="assignment" x="1120" y="384">BeamClass = BEAMCLASS_TRACK</label>\r\n      <nail x="1600" y="420" />\r\n      <nail x="640" y="420" />\r\n    </transition>\r\n    <transition>\r\n      <source ref="Template_A_BM_0" />\r\n      <target ref="Template_A_BM_10" />\r\n      <label kind="guard" x="1700" y="-58">!ass_bm()</label>\r\n      <label kind="synchronisation" x="1700" y="-24">contract_violation_bm!</label>\r\n      <label kind="comments" x="1700" y="62">deadline or contract failure branch</label>\r\n      <nail x="1820" y="0" />\r\n      <nail x="1820" y="0" />\r\n    </transition>\r\n    <transition>\r\n      <source ref="Template_A_BM_1" />\r\n      <target ref="Template_A_BM_10" />\r\n      <label kind="guard" x="1700" y="-116">!ass_bm()</label>\r\n      <label kind="synchronisation" x="1700" y="-82">contract_violation_bm!</label>\r\n      <label kind="comments" x="1700" y="4">deadline or contract failure branch</label>\r\n      <nail x="1820" y="-58" />\r\n      <nail x="1820" y="-58" />\r\n    </transition>\r\n    <transition>\r\n      <source ref="Template_A_BM_2" />\r\n      <target ref="Template_A_BM_10" />\r\n      <label kind="guard" x="1700" y="0">!ass_bm()</label>\r\n      <label kind="synchronisation" x="1700" y="34">contract_violation_bm!</label>\r\n      <label kind="comments" x="1700" y="120">deadline or contract failure branch</label>\r\n      <nail x="1820" y="58" />\r\n      <nail x="1820" y="58" />\r\n    </transition>\r\n    <transition>\r\n      <source ref="Template_A_BM_3" />\r\n      <target ref="Template_A_BM_10" />\r\n      <label kind="guard" x="1700" y="-174">!ass_bm()</label>\r\n      <label kind="synchronisation" x="1700" y="-140">contract_violation_bm!</label>\r\n      <label kind="comments" x="1700" y="-54">deadline or contract failure branch</label>\r\n      <nail x="1820" y="-116" />\r\n      <nail x="1820" y="-116" />\r\n    </transition>\r\n    <transition>\r\n      <source ref="Template_A_BM_4" />\r\n      <target ref="Template_A_BM_10" />\r\n      <label kind="guard" x="1700" y="-52">!ass_bm()</label>\r\n      <label kind="synchronisation" x="1700" y="-18">contract_violation_bm!</label>\r\n      <label kind="comments" x="1700" y="68">deadline or contract failure branch</label>\r\n      <nail x="1820" y="-104" />\r\n      <nail x="1820" y="116" />\r\n    </transition>\r\n    <transition>\r\n      <source ref="Template_A_BM_5" />\r\n      <target ref="Template_A_BM_10" />\r\n      <label kind="guard" x="1700" y="-362">!ass_bm()</label>\r\n      <label kind="synchronisation" x="1700" y="-328">contract_violation_bm!</label>\r\n      <label kind="comments" x="1700" y="-242">deadline or contract failure branch</label>\r\n      <nail x="1820" y="-434" />\r\n      <nail x="1820" y="-174" />\r\n    </transition>\r\n    <transition>\r\n      <source ref="Template_A_BM_6" />\r\n      <target ref="Template_A_BM_10" />\r\n      <label kind="guard" x="1700" y="226">!ass_bm()</label>\r\n      <label kind="synchronisation" x="1700" y="260">contract_violation_bm!</label>\r\n      <label kind="comments" x="1700" y="346">deadline or contract failure branch</label>\r\n      <nail x="1820" y="394" />\r\n      <nail x="1820" y="174" />\r\n    </transition>\r\n    <transition>\r\n      <source ref="Template_A_BM_7" />\r\n      <target ref="Template_A_BM_10" />\r\n      <label kind="guard" x="1700" y="-180">!ass_bm()</label>\r\n      <label kind="synchronisation" x="1700" y="-146">contract_violation_bm!</label>\r\n      <label kind="comments" x="1700" y="-60">deadline or contract failure branch</label>\r\n      <nail x="1820" y="-12" />\r\n      <nail x="1820" y="-232" />\r\n    </transition>\r\n    <transition>\r\n      <source ref="Template_A_BM_8" />\r\n      <target ref="Template_A_BM_10" />\r\n      <label kind="guard" x="1700" y="274">!ass_bm()</label>\r\n      <label kind="synchronisation" x="1700" y="308">contract_violation_bm!</label>\r\n      <label kind="comments" x="1700" y="394">deadline or contract failure branch</label>\r\n      <nail x="1820" y="432" />\r\n      <nail x="1820" y="232" />\r\n    </transition>\r\n    <transition>\r\n      <source ref="Template_A_BM_9" />\r\n      <target ref="Template_A_BM_10" />\r\n      <label kind="guard" x="1700" y="-478">!ass_bm()</label>\r\n      <label kind="synchronisation" x="1700" y="-444">contract_violation_bm!</label>\r\n      <label kind="comments" x="1700" y="-358">deadline or contract failure branch</label>\r\n      <nail x="1820" y="-550" />\r\n      <nail x="1820" y="-290" />\r\n    </transition>\r\n  </template>\r\n  <template>\r\n    <name>Template_A_SQ</name>\r\n    <location id="Template_A_SQ_0" x="0" y="0">\r\n      <name x="-58" y="-38">Idle</name>\r\n    </location>\r\n    <location id="Template_A_SQ_1" x="300" y="180">\r\n      <name x="242" y="142">SensingEvaluating</name>\r\n      <label kind="invariant" x="236" y="214">c_sense &lt;= D_sense</label>\r\n    </location>\r\n    <location id="Template_A_SQ_2" x="620" y="0">\r\n      <name x="562" y="-38">SensingQoSOk</name>\r\n    </location>\r\n    <location id="Template_A_SQ_3" x="620" y="-240">\r\n      <name x="562" y="-278">ProbabilityLimited</name>\r\n    </location>\r\n    <location id="Template_A_SQ_4" x="900" y="-240">\r\n      <name x="842" y="-278">FalseAlarmLimited</name>\r\n    </location>\r\n    <location id="Template_A_SQ_5" x="1180" y="-240">\r\n      <name x="1122" y="-278">AccuracyLimited</name>\r\n    </location>\r\n    <location id="Template_A_SQ_6" x="900" y="-480">\r\n      <name x="842" y="-518">FreshnessLimited</name>\r\n    </location>\r\n    <location id="Template_A_SQ_7" x="1180" y="-480">\r\n      <name x="1122" y="-518">CoverageLimited</name>\r\n    </location>\r\n    <location id="Template_A_SQ_8" x="1460" y="-240">\r\n      <name x="1402" y="-278">CapacityLimited</name>\r\n    </location>\r\n    <location id="Template_A_SQ_9" x="1460" y="-480">\r\n      <name x="1402" y="-518">SensingFailure</name>\r\n    </location>\r\n    <location id="Template_A_SQ_10" x="1780" y="0">\r\n      <name x="1722" y="-38">ContractViolation_SQ</name>\r\n    </location>\r\n    <init ref="Template_A_SQ_0" />\r\n    <transition>\r\n      <source ref="Template_A_SQ_0" />\r\n      <target ref="Template_A_SQ_1" />\r\n      <label kind="synchronisation" x="150" y="66">channel_report?</label>\r\n      <label kind="assignment" x="150" y="108">input_changed = true, sensing_report_pending = true, c_sense = 0</label>\r\n    </transition>\r\n    <transition>\r\n      <source ref="Template_A_SQ_0" />\r\n      <target ref="Template_A_SQ_1" />\r\n      <label kind="synchronisation" x="150" y="8">signal_report?</label>\r\n      <label kind="assignment" x="150" y="50">input_changed = true, sensing_report_pending = true, c_sense = 0</label>\r\n      <nail x="100" y="32" />\r\n      <nail x="200" y="32" />\r\n    </transition>\r\n    <transition>\r\n      <source ref="Template_A_SQ_0" />\r\n      <target ref="Template_A_SQ_1" />\r\n      <label kind="synchronisation" x="150" y="124">beam_report?</label>\r\n      <label kind="assignment" x="150" y="166">input_changed = true, sensing_report_pending = true, c_sense = 0</label>\r\n      <nail x="100" y="148" />\r\n      <nail x="200" y="148" />\r\n    </transition>\r\n    <transition>\r\n      <source ref="Template_A_SQ_1" />\r\n      <target ref="Template_A_SQ_2" />\r\n      <label kind="guard" x="460" y="32">env_scenario == SCENARIO_NORMAL &amp;&amp; c_sense &lt;= D_sense</label>\r\n      <label kind="synchronisation" x="460" y="66">sensing_report!</label>\r\n      <label kind="assignment" x="460" y="108">SensingState = highest_priority_SQ(), sensing_report_pending = false,\r\nsensing_degraded_flag = false, sensing_qos_ok = true, sq_enabled_count = 1,\r\nc_sense = 0</label>\r\n      <label kind="comments" x="460" y="152">publish report and update finite state</label>\r\n    </transition>\r\n    <transition>\r\n      <source ref="Template_A_SQ_1" />\r\n      <target ref="Template_A_SQ_2" />\r\n      <label kind="guard" x="460" y="-26">env_scenario == SCENARIO_COMM_DEGRADED &amp;&amp; c_sense &lt;= D_sense</label>\r\n      <label kind="synchronisation" x="460" y="8">sensing_report!</label>\r\n      <label kind="assignment" x="460" y="50">SensingState = highest_priority_SQ(), sensing_report_pending = false,\r\nsensing_degraded_flag = false, sensing_qos_ok = true, sq_enabled_count = 1,\r\nc_sense = 0</label>\r\n      <label kind="comments" x="460" y="94">publish report and update finite state</label>\r\n      <nail x="406" y="32" />\r\n      <nail x="514" y="32" />\r\n    </transition>\r\n    <transition>\r\n      <source ref="Template_A_SQ_1" />\r\n      <target ref="Template_A_SQ_6" />\r\n      <label kind="guard" x="600" y="-208">env_scenario == SCENARIO_SENSING_DEGRADED &amp;&amp; c_sense &lt;= D_sense</label>\r\n      <label kind="synchronisation" x="600" y="-174">sensing_report!</label>\r\n      <label kind="assignment" x="600" y="-132">SensingState = highest_priority_SQ(), sensing_report_pending = false,\r\nsensing_degraded_flag = true, sensing_qos_ok = false, sq_enabled_count = 1,\r\nc_sense = 0</label>\r\n      <label kind="comments" x="600" y="-88">publish report and update finite state</label>\r\n    </transition>\r\n    <transition>\r\n      <source ref="Template_A_SQ_1" />\r\n      <target ref="Template_A_SQ_9" />\r\n      <label kind="guard" x="880" y="-208">env_scenario == SCENARIO_JOINT_DEGRADED &amp;&amp; c_sense &lt;= D_sense</label>\r\n      <label kind="synchronisation" x="880" y="-174">sensing_report!</label>\r\n      <label kind="assignment" x="880" y="-132">SensingState = highest_priority_SQ(), sensing_report_pending = false,\r\nsensing_failure_flag = true, sensing_qos_ok = false, sq_enabled_count = 1,\r\nc_sense = 0</label>\r\n      <label kind="comments" x="880" y="-88">publish report and update finite state</label>\r\n    </transition>\r\n    <transition>\r\n      <source ref="Template_A_SQ_3" />\r\n      <target ref="Template_A_SQ_3" />\r\n      <label kind="synchronisation" x="738" y="-382">sensing_degraded!</label>\r\n      <nail x="525" y="-350" />\r\n      <nail x="715" y="-350" />\r\n    </transition>\r\n    <transition>\r\n      <source ref="Template_A_SQ_4" />\r\n      <target ref="Template_A_SQ_4" />\r\n      <label kind="synchronisation" x="1018" y="-382">sensing_degraded!</label>\r\n      <nail x="805" y="-350" />\r\n      <nail x="995" y="-350" />\r\n    </transition>\r\n    <transition>\r\n      <source ref="Template_A_SQ_5" />\r\n      <target ref="Template_A_SQ_5" />\r\n      <label kind="synchronisation" x="1298" y="-382">sensing_degraded!</label>\r\n      <nail x="1085" y="-350" />\r\n      <nail x="1275" y="-350" />\r\n    </transition>\r\n    <transition>\r\n      <source ref="Template_A_SQ_6" />\r\n      <target ref="Template_A_SQ_6" />\r\n      <label kind="synchronisation" x="1018" y="-622">sensing_degraded!</label>\r\n      <nail x="805" y="-590" />\r\n      <nail x="995" y="-590" />\r\n    </transition>\r\n    <transition>\r\n      <source ref="Template_A_SQ_7" />\r\n      <target ref="Template_A_SQ_7" />\r\n      <label kind="synchronisation" x="1298" y="-622">sensing_degraded!</label>\r\n      <nail x="1085" y="-590" />\r\n      <nail x="1275" y="-590" />\r\n    </transition>\r\n    <transition>\r\n      <source ref="Template_A_SQ_8" />\r\n      <target ref="Template_A_SQ_8" />\r\n      <label kind="synchronisation" x="1578" y="-382">sensing_degraded!</label>\r\n      <nail x="1365" y="-350" />\r\n      <nail x="1555" y="-350" />\r\n    </transition>\r\n    <transition>\r\n      <source ref="Template_A_SQ_9" />\r\n      <target ref="Template_A_SQ_9" />\r\n      <label kind="synchronisation" x="1578" y="-622">sensing_failure!</label>\r\n      <label kind="comments" x="1578" y="-536">degradation or failure branch</label>\r\n      <nail x="1365" y="-590" />\r\n      <nail x="1555" y="-590" />\r\n    </transition>\r\n    <transition>\r\n      <source ref="Template_A_SQ_0" />\r\n      <target ref="Template_A_SQ_10" />\r\n      <label kind="guard" x="1500" y="-58">!ass_sq()</label>\r\n      <label kind="synchronisation" x="1500" y="-24">contract_violation_sq!</label>\r\n      <label kind="comments" x="1500" y="62">deadline or contract failure branch</label>\r\n      <nail x="1620" y="0" />\r\n      <nail x="1620" y="0" />\r\n    </transition>\r\n    <transition>\r\n      <source ref="Template_A_SQ_1" />\r\n      <target ref="Template_A_SQ_10" />\r\n      <label kind="guard" x="1500" y="-26">!ass_sq()</label>\r\n      <label kind="synchronisation" x="1500" y="8">contract_violation_sq!</label>\r\n      <label kind="comments" x="1500" y="94">deadline or contract failure branch</label>\r\n      <nail x="1620" y="122" />\r\n      <nail x="1620" y="-58" />\r\n    </transition>\r\n    <transition>\r\n      <source ref="Template_A_SQ_2" />\r\n      <target ref="Template_A_SQ_10" />\r\n      <label kind="guard" x="1500" y="0">!ass_sq()</label>\r\n      <label kind="synchronisation" x="1500" y="34">contract_violation_sq!</label>\r\n      <label kind="comments" x="1500" y="120">deadline or contract failure branch</label>\r\n      <nail x="1620" y="58" />\r\n      <nail x="1620" y="58" />\r\n    </transition>\r\n    <transition>\r\n      <source ref="Template_A_SQ_3" />\r\n      <target ref="Template_A_SQ_10" />\r\n      <label kind="guard" x="1500" y="-294">!ass_sq()</label>\r\n      <label kind="synchronisation" x="1500" y="-260">contract_violation_sq!</label>\r\n      <label kind="comments" x="1500" y="-174">deadline or contract failure branch</label>\r\n      <nail x="1620" y="-356" />\r\n      <nail x="1620" y="-116" />\r\n    </transition>\r\n    <transition>\r\n      <source ref="Template_A_SQ_4" />\r\n      <target ref="Template_A_SQ_10" />\r\n      <label kind="guard" x="1500" y="-62">!ass_sq()</label>\r\n      <label kind="synchronisation" x="1500" y="-28">contract_violation_sq!</label>\r\n      <label kind="comments" x="1500" y="58">deadline or contract failure branch</label>\r\n      <nail x="1620" y="-124" />\r\n      <nail x="1620" y="116" />\r\n    </transition>\r\n    <transition>\r\n      <source ref="Template_A_SQ_5" />\r\n      <target ref="Template_A_SQ_10" />\r\n      <label kind="guard" x="1500" y="-352">!ass_sq()</label>\r\n      <label kind="synchronisation" x="1500" y="-318">contract_violation_sq!</label>\r\n      <label kind="comments" x="1500" y="-232">deadline or contract failure branch</label>\r\n      <nail x="1620" y="-414" />\r\n      <nail x="1620" y="-174" />\r\n    </transition>\r\n    <transition>\r\n      <source ref="Template_A_SQ_6" />\r\n      <target ref="Template_A_SQ_10" />\r\n      <label kind="guard" x="1500" y="-124">!ass_sq()</label>\r\n      <label kind="synchronisation" x="1500" y="-90">contract_violation_sq!</label>\r\n      <label kind="comments" x="1500" y="-4">deadline or contract failure branch</label>\r\n      <nail x="1620" y="-306" />\r\n      <nail x="1620" y="174" />\r\n    </transition>\r\n    <transition>\r\n      <source ref="Template_A_SQ_7" />\r\n      <target ref="Template_A_SQ_10" />\r\n      <label kind="guard" x="1500" y="-530">!ass_sq()</label>\r\n      <label kind="synchronisation" x="1500" y="-496">contract_violation_sq!</label>\r\n      <label kind="comments" x="1500" y="-410">deadline or contract failure branch</label>\r\n      <nail x="1620" y="-712" />\r\n      <nail x="1620" y="-232" />\r\n    </transition>\r\n    <transition>\r\n      <source ref="Template_A_SQ_8" />\r\n      <target ref="Template_A_SQ_10" />\r\n      <label kind="guard" x="1500" y="54">!ass_sq()</label>\r\n      <label kind="synchronisation" x="1500" y="88">contract_violation_sq!</label>\r\n      <label kind="comments" x="1500" y="174">deadline or contract failure branch</label>\r\n      <nail x="1620" y="-8" />\r\n      <nail x="1620" y="232" />\r\n    </transition>\r\n    <transition>\r\n      <source ref="Template_A_SQ_9" />\r\n      <target ref="Template_A_SQ_10" />\r\n      <label kind="guard" x="1500" y="-588">!ass_sq()</label>\r\n      <label kind="synchronisation" x="1500" y="-554">contract_violation_sq!</label>\r\n      <label kind="comments" x="1500" y="-468">deadline or contract failure branch</label>\r\n      <nail x="1620" y="-770" />\r\n      <nail x="1620" y="-290" />\r\n    </transition>\r\n  </template>\r\n  <template>\r\n    <name>Template_A_PH</name>\r\n    <location id="Template_A_PH_0" x="0" y="0">\r\n      <name x="-58" y="-38">PHYNormal</name>\r\n    </location>\r\n    <location id="Template_A_PH_1" x="660" y="-240">\r\n      <name x="602" y="-278">PHYCommunicationDegraded</name>\r\n    </location>\r\n    <location id="Template_A_PH_2" x="660" y="-40">\r\n      <name x="602" y="-78">PHYSensingDegraded</name>\r\n    </location>\r\n    <location id="Template_A_PH_3" x="940" y="-420">\r\n      <name x="882" y="-458">PHYJointDegraded</name>\r\n    </location>\r\n    <location id="Template_A_PH_4" x="320" y="200">\r\n      <name x="262" y="162">PHYKpiReporting</name>\r\n      <label kind="invariant" x="256" y="234">c_report &lt;= D_report</label>\r\n    </location>\r\n    <location id="Template_A_PH_5" x="660" y="260">\r\n      <name x="602" y="222">PHYRecovery</name>\r\n    </location>\r\n    <location id="Template_A_PH_6" x="1220" y="-300">\r\n      <name x="1162" y="-338">PHYFailure</name>\r\n    </location>\r\n    <location id="Template_A_PH_7" x="1520" y="0">\r\n      <name x="1462" y="-38">ContractViolation_PH</name>\r\n    </location>\r\n    <init ref="Template_A_PH_0" />\r\n    <transition>\r\n      <source ref="Template_A_PH_0" />\r\n      <target ref="Template_A_PH_4" />\r\n      <label kind="synchronisation" x="160" y="76">channel_report?</label>\r\n      <label kind="assignment" x="160" y="118">child_update = true, phy_kpi_report_pending = true, c_report = 0</label>\r\n    </transition>\r\n    <transition>\r\n      <source ref="Template_A_PH_0" />\r\n      <target ref="Template_A_PH_4" />\r\n      <label kind="synchronisation" x="160" y="18">signal_report?</label>\r\n      <label kind="assignment" x="160" y="60">child_update = true, phy_kpi_report_pending = true, c_report = 0</label>\r\n      <nail x="106" y="42" />\r\n      <nail x="214" y="42" />\r\n    </transition>\r\n    <transition>\r\n      <source ref="Template_A_PH_0" />\r\n      <target ref="Template_A_PH_4" />\r\n      <label kind="synchronisation" x="160" y="134">beam_report?</label>\r\n      <label kind="assignment" x="160" y="176">child_update = true, phy_kpi_report_pending = true, c_report = 0</label>\r\n      <nail x="106" y="158" />\r\n      <nail x="214" y="158" />\r\n    </transition>\r\n    <transition>\r\n      <source ref="Template_A_PH_0" />\r\n      <target ref="Template_A_PH_4" />\r\n      <label kind="synchronisation" x="160" y="-40">sensing_report?</label>\r\n      <label kind="assignment" x="160" y="2">child_update = true, phy_kpi_report_pending = true, c_report = 0</label>\r\n      <nail x="106" y="-16" />\r\n      <nail x="214" y="-16" />\r\n    </transition>\r\n    <transition>\r\n      <source ref="Template_A_PH_0" />\r\n      <target ref="Template_A_PH_0" />\r\n      <label kind="synchronisation" x="118" y="-142">mac_report_delivered?</label>\r\n      <nail x="-95" y="-110" />\r\n      <nail x="95" y="-110" />\r\n    </transition>\r\n    <transition>\r\n      <source ref="Template_A_PH_0" />\r\n      <target ref="Template_A_PH_0" />\r\n      <label kind="synchronisation" x="118" y="-188">controller_report_delivered?</label>\r\n      <nail x="-95" y="-156" />\r\n      <nail x="95" y="-156" />\r\n    </transition>\r\n    <transition>\r\n      <source ref="Template_A_PH_0" />\r\n      <target ref="Template_A_PH_5" />\r\n      <label kind="synchronisation" x="330" y="106">recovery_cmd?</label>\r\n      <label kind="assignment" x="330" y="148">PHYState = PHYSTATE_PHYRECOVERY</label>\r\n    </transition>\r\n    <transition>\r\n      <source ref="Template_A_PH_1" />\r\n      <target ref="Template_A_PH_4" />\r\n      <label kind="synchronisation" x="490" y="342">channel_report?</label>\r\n      <label kind="assignment" x="490" y="384">child_update = true, phy_kpi_report_pending = true, c_report = 0</label>\r\n      <nail x="580" y="420" />\r\n      <nail x="400" y="420" />\r\n    </transition>\r\n    <transition>\r\n      <source ref="Template_A_PH_1" />\r\n      <target ref="Template_A_PH_4" />\r\n      <label kind="synchronisation" x="490" y="400">signal_report?</label>\r\n      <label kind="assignment" x="490" y="442">child_update = true, phy_kpi_report_pending = true, c_report = 0</label>\r\n      <nail x="580" y="478" />\r\n      <nail x="400" y="478" />\r\n    </transition>\r\n    <transition>\r\n      <source ref="Template_A_PH_1" />\r\n      <target ref="Template_A_PH_4" />\r\n      <label kind="synchronisation" x="490" y="458">beam_report?</label>\r\n      <label kind="assignment" x="490" y="500">child_update = true, phy_kpi_report_pending = true, c_report = 0</label>\r\n      <nail x="580" y="536" />\r\n      <nail x="400" y="536" />\r\n    </transition>\r\n    <transition>\r\n      <source ref="Template_A_PH_1" />\r\n      <target ref="Template_A_PH_4" />\r\n      <label kind="synchronisation" x="490" y="516">sensing_report?</label>\r\n      <label kind="assignment" x="490" y="558">child_update = true, phy_kpi_report_pending = true, c_report = 0</label>\r\n      <nail x="580" y="594" />\r\n      <nail x="400" y="594" />\r\n    </transition>\r\n    <transition>\r\n      <source ref="Template_A_PH_1" />\r\n      <target ref="Template_A_PH_1" />\r\n      <label kind="synchronisation" x="778" y="-382">mac_report_delivered?</label>\r\n      <label kind="comments" x="778" y="-296">degradation or failure branch</label>\r\n      <nail x="565" y="-350" />\r\n      <nail x="755" y="-350" />\r\n    </transition>\r\n    <transition>\r\n      <source ref="Template_A_PH_1" />\r\n      <target ref="Template_A_PH_1" />\r\n      <label kind="synchronisation" x="778" y="-428">controller_report_delivered?</label>\r\n      <label kind="comments" x="778" y="-342">degradation or failure branch</label>\r\n      <nail x="565" y="-396" />\r\n      <nail x="755" y="-396" />\r\n    </transition>\r\n    <transition>\r\n      <source ref="Template_A_PH_1" />\r\n      <target ref="Template_A_PH_5" />\r\n      <label kind="synchronisation" x="660" y="-14">recovery_cmd?</label>\r\n      <label kind="assignment" x="660" y="28">PHYState = PHYSTATE_PHYRECOVERY</label>\r\n    </transition>\r\n    <transition>\r\n      <source ref="Template_A_PH_2" />\r\n      <target ref="Template_A_PH_4" />\r\n      <label kind="synchronisation" x="490" y="342">channel_report?</label>\r\n      <label kind="assignment" x="490" y="384">child_update = true, phy_kpi_report_pending = true, c_report = 0</label>\r\n      <nail x="580" y="420" />\r\n      <nail x="400" y="420" />\r\n    </transition>\r\n    <transition>\r\n      <source ref="Template_A_PH_2" />\r\n      <target ref="Template_A_PH_4" />\r\n      <label kind="synchronisation" x="490" y="400">signal_report?</label>\r\n      <label kind="assignment" x="490" y="442">child_update = true, phy_kpi_report_pending = true, c_report = 0</label>\r\n      <nail x="580" y="478" />\r\n      <nail x="400" y="478" />\r\n    </transition>\r\n    <transition>\r\n      <source ref="Template_A_PH_2" />\r\n      <target ref="Template_A_PH_4" />\r\n      <label kind="synchronisation" x="490" y="458">beam_report?</label>\r\n      <label kind="assignment" x="490" y="500">child_update = true, phy_kpi_report_pending = true, c_report = 0</label>\r\n      <nail x="580" y="536" />\r\n      <nail x="400" y="536" />\r\n    </transition>\r\n    <transition>\r\n      <source ref="Template_A_PH_2" />\r\n      <target ref="Template_A_PH_4" />\r\n      <label kind="synchronisation" x="490" y="516">sensing_report?</label>\r\n      <label kind="assignment" x="490" y="558">child_update = true, phy_kpi_report_pending = true, c_report = 0</label>\r\n      <nail x="580" y="594" />\r\n      <nail x="400" y="594" />\r\n    </transition>\r\n    <transition>\r\n      <source ref="Template_A_PH_2" />\r\n      <target ref="Template_A_PH_2" />\r\n      <label kind="synchronisation" x="778" y="-182">mac_report_delivered?</label>\r\n      <label kind="comments" x="778" y="-96">degradation or failure branch</label>\r\n      <nail x="565" y="-150" />\r\n      <nail x="755" y="-150" />\r\n    </transition>\r\n    <transition>\r\n      <source ref="Template_A_PH_2" />\r\n      <target ref="Template_A_PH_2" />\r\n      <label kind="synchronisation" x="778" y="-228">controller_report_delivered?</label>\r\n      <label kind="comments" x="778" y="-142">degradation or failure branch</label>\r\n      <nail x="565" y="-196" />\r\n      <nail x="755" y="-196" />\r\n    </transition>\r\n    <transition>\r\n      <source ref="Template_A_PH_2" />\r\n      <target ref="Template_A_PH_5" />\r\n      <label kind="synchronisation" x="660" y="86">recovery_cmd?</label>\r\n      <label kind="assignment" x="660" y="128">PHYState = PHYSTATE_PHYRECOVERY</label>\r\n    </transition>\r\n    <transition>\r\n      <source ref="Template_A_PH_3" />\r\n      <target ref="Template_A_PH_4" />\r\n      <label kind="synchronisation" x="630" y="342">channel_report?</label>\r\n      <label kind="assignment" x="630" y="384">child_update = true, phy_kpi_report_pending = true, c_report = 0</label>\r\n      <nail x="860" y="420" />\r\n      <nail x="400" y="420" />\r\n    </transition>\r\n    <transition>\r\n      <source ref="Template_A_PH_3" />\r\n      <target ref="Template_A_PH_4" />\r\n      <label kind="synchronisation" x="630" y="400">signal_report?</label>\r\n      <label kind="assignment" x="630" y="442">child_update = true, phy_kpi_report_pending = true, c_report = 0</label>\r\n      <nail x="860" y="478" />\r\n      <nail x="400" y="478" />\r\n    </transition>\r\n    <transition>\r\n      <source ref="Template_A_PH_3" />\r\n      <target ref="Template_A_PH_4" />\r\n      <label kind="synchronisation" x="630" y="458">beam_report?</label>\r\n      <label kind="assignment" x="630" y="500">child_update = true, phy_kpi_report_pending = true, c_report = 0</label>\r\n      <nail x="860" y="536" />\r\n      <nail x="400" y="536" />\r\n    </transition>\r\n    <transition>\r\n      <source ref="Template_A_PH_3" />\r\n      <target ref="Template_A_PH_4" />\r\n      <label kind="synchronisation" x="630" y="516">sensing_report?</label>\r\n      <label kind="assignment" x="630" y="558">child_update = true, phy_kpi_report_pending = true, c_report = 0</label>\r\n      <nail x="860" y="594" />\r\n      <nail x="400" y="594" />\r\n    </transition>\r\n    <transition>\r\n      <source ref="Template_A_PH_3" />\r\n      <target ref="Template_A_PH_3" />\r\n      <label kind="synchronisation" x="1058" y="-562">mac_report_delivered?</label>\r\n      <label kind="comments" x="1058" y="-476">degradation or failure branch</label>\r\n      <nail x="845" y="-530" />\r\n      <nail x="1035" y="-530" />\r\n    </transition>\r\n    <transition>\r\n      <source ref="Template_A_PH_3" />\r\n      <target ref="Template_A_PH_3" />\r\n      <label kind="synchronisation" x="1058" y="-608">controller_report_delivered?</label>\r\n      <label kind="comments" x="1058" y="-522">degradation or failure branch</label>\r\n      <nail x="845" y="-576" />\r\n      <nail x="1035" y="-576" />\r\n    </transition>\r\n    <transition>\r\n      <source ref="Template_A_PH_3" />\r\n      <target ref="Template_A_PH_5" />\r\n      <label kind="synchronisation" x="800" y="402">recovery_cmd?</label>\r\n      <label kind="assignment" x="800" y="444">PHYState = PHYSTATE_PHYRECOVERY</label>\r\n      <nail x="860" y="480" />\r\n      <nail x="740" y="480" />\r\n    </transition>\r\n    <transition>\r\n      <source ref="Template_A_PH_4" />\r\n      <target ref="Template_A_PH_4" />\r\n      <label kind="synchronisation" x="438" y="294">channel_report?</label>\r\n      <label kind="assignment" x="438" y="336">child_update = true, phy_kpi_report_pending = true, c_report = 0</label>\r\n      <nail x="225" y="310" />\r\n      <nail x="415" y="310" />\r\n    </transition>\r\n    <transition>\r\n      <source ref="Template_A_PH_4" />\r\n      <target ref="Template_A_PH_4" />\r\n      <label kind="synchronisation" x="438" y="340">signal_report?</label>\r\n      <label kind="assignment" x="438" y="382">child_update = true, phy_kpi_report_pending = true, c_report = 0</label>\r\n      <nail x="225" y="356" />\r\n      <nail x="415" y="356" />\r\n    </transition>\r\n    <transition>\r\n      <source ref="Template_A_PH_4" />\r\n      <target ref="Template_A_PH_4" />\r\n      <label kind="synchronisation" x="438" y="386">beam_report?</label>\r\n      <label kind="assignment" x="438" y="428">child_update = true, phy_kpi_report_pending = true, c_report = 0</label>\r\n      <nail x="225" y="402" />\r\n      <nail x="415" y="402" />\r\n    </transition>\r\n    <transition>\r\n      <source ref="Template_A_PH_4" />\r\n      <target ref="Template_A_PH_4" />\r\n      <label kind="synchronisation" x="438" y="432">sensing_report?</label>\r\n      <label kind="assignment" x="438" y="474">child_update = true, phy_kpi_report_pending = true, c_report = 0</label>\r\n      <nail x="225" y="448" />\r\n      <nail x="415" y="448" />\r\n    </transition>\r\n    <transition>\r\n      <source ref="Template_A_PH_4" />\r\n      <target ref="Template_A_PH_4" />\r\n      <label kind="synchronisation" x="438" y="478">mac_report_delivered?</label>\r\n      <nail x="225" y="494" />\r\n      <nail x="415" y="494" />\r\n    </transition>\r\n    <transition>\r\n      <source ref="Template_A_PH_4" />\r\n      <target ref="Template_A_PH_4" />\r\n      <label kind="synchronisation" x="438" y="524">controller_report_delivered?</label>\r\n      <nail x="225" y="540" />\r\n      <nail x="415" y="540" />\r\n    </transition>\r\n    <transition>\r\n      <source ref="Template_A_PH_4" />\r\n      <target ref="Template_A_PH_5" />\r\n      <label kind="synchronisation" x="490" y="206">recovery_cmd?</label>\r\n      <label kind="assignment" x="490" y="248">PHYState = PHYSTATE_PHYRECOVERY</label>\r\n    </transition>\r\n    <transition>\r\n      <source ref="Template_A_PH_5" />\r\n      <target ref="Template_A_PH_4" />\r\n      <label kind="synchronisation" x="490" y="402">channel_report?</label>\r\n      <label kind="assignment" x="490" y="444">child_update = true, phy_kpi_report_pending = true, c_report = 0</label>\r\n      <nail x="580" y="480" />\r\n      <nail x="400" y="480" />\r\n    </transition>\r\n    <transition>\r\n      <source ref="Template_A_PH_5" />\r\n      <target ref="Template_A_PH_4" />\r\n      <label kind="synchronisation" x="490" y="460">signal_report?</label>\r\n      <label kind="assignment" x="490" y="502">child_update = true, phy_kpi_report_pending = true, c_report = 0</label>\r\n      <nail x="580" y="538" />\r\n      <nail x="400" y="538" />\r\n    </transition>\r\n    <transition>\r\n      <source ref="Template_A_PH_5" />\r\n      <target ref="Template_A_PH_4" />\r\n      <label kind="synchronisation" x="490" y="518">beam_report?</label>\r\n      <label kind="assignment" x="490" y="560">child_update = true, phy_kpi_report_pending = true, c_report = 0</label>\r\n      <nail x="580" y="596" />\r\n      <nail x="400" y="596" />\r\n    </transition>\r\n    <transition>\r\n      <source ref="Template_A_PH_5" />\r\n      <target ref="Template_A_PH_4" />\r\n      <label kind="synchronisation" x="490" y="576">sensing_report?</label>\r\n      <label kind="assignment" x="490" y="618">child_update = true, phy_kpi_report_pending = true, c_report = 0</label>\r\n      <nail x="580" y="654" />\r\n      <nail x="400" y="654" />\r\n    </transition>\r\n    <transition>\r\n      <source ref="Template_A_PH_5" />\r\n      <target ref="Template_A_PH_5" />\r\n      <label kind="synchronisation" x="778" y="354">mac_report_delivered?</label>\r\n      <nail x="565" y="370" />\r\n      <nail x="755" y="370" />\r\n    </transition>\r\n    <transition>\r\n      <source ref="Template_A_PH_5" />\r\n      <target ref="Template_A_PH_5" />\r\n      <label kind="synchronisation" x="778" y="400">controller_report_delivered?</label>\r\n      <nail x="565" y="416" />\r\n      <nail x="755" y="416" />\r\n    </transition>\r\n    <transition>\r\n      <source ref="Template_A_PH_5" />\r\n      <target ref="Template_A_PH_5" />\r\n      <label kind="synchronisation" x="778" y="446">recovery_cmd?</label>\r\n      <label kind="assignment" x="778" y="488">PHYState = PHYSTATE_PHYRECOVERY</label>\r\n      <nail x="565" y="462" />\r\n      <nail x="755" y="462" />\r\n    </transition>\r\n    <transition>\r\n      <source ref="Template_A_PH_6" />\r\n      <target ref="Template_A_PH_4" />\r\n      <label kind="synchronisation" x="770" y="342">channel_report?</label>\r\n      <label kind="assignment" x="770" y="384">child_update = true, phy_kpi_report_pending = true, c_report = 0</label>\r\n      <nail x="1140" y="420" />\r\n      <nail x="400" y="420" />\r\n    </transition>\r\n    <transition>\r\n      <source ref="Template_A_PH_6" />\r\n      <target ref="Template_A_PH_4" />\r\n      <label kind="synchronisation" x="770" y="400">signal_report?</label>\r\n      <label kind="assignment" x="770" y="442">child_update = true, phy_kpi_report_pending = true, c_report = 0</label>\r\n      <nail x="1140" y="478" />\r\n      <nail x="400" y="478" />\r\n    </transition>\r\n    <transition>\r\n      <source ref="Template_A_PH_6" />\r\n      <target ref="Template_A_PH_4" />\r\n      <label kind="synchronisation" x="770" y="458">beam_report?</label>\r\n      <label kind="assignment" x="770" y="500">child_update = true, phy_kpi_report_pending = true, c_report = 0</label>\r\n      <nail x="1140" y="536" />\r\n      <nail x="400" y="536" />\r\n    </transition>\r\n    <transition>\r\n      <source ref="Template_A_PH_6" />\r\n      <target ref="Template_A_PH_4" />\r\n      <label kind="synchronisation" x="770" y="516">sensing_report?</label>\r\n      <label kind="assignment" x="770" y="558">child_update = true, phy_kpi_report_pending = true, c_report = 0</label>\r\n      <nail x="1140" y="594" />\r\n      <nail x="400" y="594" />\r\n    </transition>\r\n    <transition>\r\n      <source ref="Template_A_PH_6" />\r\n      <target ref="Template_A_PH_6" />\r\n      <label kind="synchronisation" x="1338" y="-442">mac_report_delivered?</label>\r\n      <label kind="comments" x="1338" y="-356">degradation or failure branch</label>\r\n      <nail x="1125" y="-410" />\r\n      <nail x="1315" y="-410" />\r\n    </transition>\r\n    <transition>\r\n      <source ref="Template_A_PH_6" />\r\n      <target ref="Template_A_PH_6" />\r\n      <label kind="synchronisation" x="1338" y="-488">controller_report_delivered?</label>\r\n      <label kind="comments" x="1338" y="-402">degradation or failure branch</label>\r\n      <nail x="1125" y="-456" />\r\n      <nail x="1315" y="-456" />\r\n    </transition>\r\n    <transition>\r\n      <source ref="Template_A_PH_6" />\r\n      <target ref="Template_A_PH_5" />\r\n      <label kind="synchronisation" x="940" y="402">recovery_cmd?</label>\r\n      <label kind="assignment" x="940" y="444">PHYState = PHYSTATE_PHYRECOVERY</label>\r\n      <nail x="1140" y="480" />\r\n      <nail x="740" y="480" />\r\n    </transition>\r\n    <transition>\r\n      <source ref="Template_A_PH_7" />\r\n      <target ref="Template_A_PH_4" />\r\n      <label kind="synchronisation" x="920" y="342">channel_report?</label>\r\n      <label kind="assignment" x="920" y="384">child_update = true, phy_kpi_report_pending = true, c_report = 0</label>\r\n      <nail x="1440" y="420" />\r\n      <nail x="400" y="420" />\r\n    </transition>\r\n    <transition>\r\n      <source ref="Template_A_PH_7" />\r\n      <target ref="Template_A_PH_4" />\r\n      <label kind="synchronisation" x="920" y="400">signal_report?</label>\r\n      <label kind="assignment" x="920" y="442">child_update = true, phy_kpi_report_pending = true, c_report = 0</label>\r\n      <nail x="1440" y="478" />\r\n      <nail x="400" y="478" />\r\n    </transition>\r\n    <transition>\r\n      <source ref="Template_A_PH_7" />\r\n      <target ref="Template_A_PH_4" />\r\n      <label kind="synchronisation" x="920" y="458">beam_report?</label>\r\n      <label kind="assignment" x="920" y="500">child_update = true, phy_kpi_report_pending = true, c_report = 0</label>\r\n      <nail x="1440" y="536" />\r\n      <nail x="400" y="536" />\r\n    </transition>\r\n    <transition>\r\n      <source ref="Template_A_PH_7" />\r\n      <target ref="Template_A_PH_4" />\r\n      <label kind="synchronisation" x="920" y="516">sensing_report?</label>\r\n      <label kind="assignment" x="920" y="558">child_update = true, phy_kpi_report_pending = true, c_report = 0</label>\r\n      <nail x="1440" y="594" />\r\n      <nail x="400" y="594" />\r\n    </transition>\r\n    <transition>\r\n      <source ref="Template_A_PH_7" />\r\n      <target ref="Template_A_PH_7" />\r\n      <label kind="synchronisation" x="1638" y="-142">mac_report_delivered?</label>\r\n      <label kind="comments" x="1638" y="-56">deadline or contract failure branch</label>\r\n      <nail x="1425" y="-110" />\r\n      <nail x="1615" y="-110" />\r\n    </transition>\r\n    <transition>\r\n      <source ref="Template_A_PH_7" />\r\n      <target ref="Template_A_PH_7" />\r\n      <label kind="synchronisation" x="1638" y="-188">controller_report_delivered?</label>\r\n      <label kind="comments" x="1638" y="-102">deadline or contract failure branch</label>\r\n      <nail x="1425" y="-156" />\r\n      <nail x="1615" y="-156" />\r\n    </transition>\r\n    <transition>\r\n      <source ref="Template_A_PH_7" />\r\n      <target ref="Template_A_PH_5" />\r\n      <label kind="synchronisation" x="1090" y="402">recovery_cmd?</label>\r\n      <label kind="assignment" x="1090" y="444">PHYState = PHYSTATE_PHYRECOVERY</label>\r\n      <nail x="1440" y="480" />\r\n      <nail x="740" y="480" />\r\n    </transition>\r\n    <transition>\r\n      <source ref="Template_A_PH_4" />\r\n      <target ref="Template_A_PH_0" />\r\n      <label kind="guard" x="160" y="308">env_scenario == SCENARIO_NORMAL &amp;&amp; c_report &lt;= D_report</label>\r\n      <label kind="synchronisation" x="160" y="342">phy_kpi_report!</label>\r\n      <label kind="assignment" x="160" y="384">PHYState = PHYSTATE_PHYNORMAL, phy_kpi_report_pending = false,\r\ncomm_ok = true, sensing_qos_ok = true, degradation_flag = false,\r\nc_report = 0</label>\r\n      <label kind="comments" x="160" y="428">publish report and update finite state</label>\r\n      <nail x="240" y="420" />\r\n      <nail x="80" y="420" />\r\n    </transition>\r\n    <transition>\r\n      <source ref="Template_A_PH_4" />\r\n      <target ref="Template_A_PH_1" />\r\n      <label kind="guard" x="490" y="-78">env_scenario == SCENARIO_COMM_DEGRADED &amp;&amp; c_report &lt;= D_report</label>\r\n      <label kind="synchronisation" x="490" y="-44">phy_kpi_report!</label>\r\n      <label kind="assignment" x="490" y="-2">PHYState = PHYSTATE_PHYCOMMUNICATIONDEGRADED,\r\nphy_kpi_report_pending = false, comm_ok = false, sensing_qos_ok = true,\r\ndegradation_flag = true, c_report = 0</label>\r\n      <label kind="comments" x="490" y="42">publish report and update finite state</label>\r\n    </transition>\r\n    <transition>\r\n      <source ref="Template_A_PH_4" />\r\n      <target ref="Template_A_PH_2" />\r\n      <label kind="guard" x="490" y="22">env_scenario == SCENARIO_SENSING_DEGRADED &amp;&amp; c_report &lt;= D_report</label>\r\n      <label kind="synchronisation" x="490" y="56">phy_kpi_report!</label>\r\n      <label kind="assignment" x="490" y="98">PHYState = PHYSTATE_PHYSENSINGDEGRADED, phy_kpi_report_pending = false,\r\ncomm_ok = true, sensing_qos_ok = false, degradation_flag = true,\r\nc_report = 0</label>\r\n      <label kind="comments" x="490" y="142">publish report and update finite state</label>\r\n    </transition>\r\n    <transition>\r\n      <source ref="Template_A_PH_4" />\r\n      <target ref="Template_A_PH_3" />\r\n      <label kind="guard" x="630" y="-168">env_scenario == SCENARIO_JOINT_DEGRADED &amp;&amp; c_report &lt;= D_report</label>\r\n      <label kind="synchronisation" x="630" y="-134">phy_kpi_report!</label>\r\n      <label kind="assignment" x="630" y="-92">PHYState = PHYSTATE_PHYJOINTDEGRADED, phy_kpi_report_pending = false,\r\ncomm_ok = false, sensing_qos_ok = false, degradation_flag = true,\r\nc_report = 0</label>\r\n      <label kind="comments" x="630" y="-48">publish report and update finite state</label>\r\n    </transition>\r\n    <transition>\r\n      <source ref="Template_A_PH_4" />\r\n      <target ref="Template_A_PH_6" />\r\n      <label kind="guard" x="770" y="-108">ChannelClass == CHANNELCLASS_OUTAGE || BeamClass == BEAMCLASS_FAILED || SensingState == SENSINGSTATE_SENSINGFAILURE</label>\r\n      <label kind="synchronisation" x="770" y="-74">phy_failure!</label>\r\n      <label kind="assignment" x="770" y="-32">PHYState = PHYSTATE_PHYFAILURE</label>\r\n      <label kind="comments" x="770" y="12">degradation or failure branch</label>\r\n    </transition>\r\n    <transition>\r\n      <source ref="Template_A_PH_1" />\r\n      <target ref="Template_A_PH_1" />\r\n      <label kind="synchronisation" x="778" y="-474">degradation_event!</label>\r\n      <label kind="comments" x="778" y="-388">degradation or failure branch</label>\r\n      <nail x="565" y="-442" />\r\n      <nail x="755" y="-442" />\r\n    </transition>\r\n    <transition>\r\n      <source ref="Template_A_PH_2" />\r\n      <target ref="Template_A_PH_2" />\r\n      <label kind="synchronisation" x="778" y="-274">degradation_event!</label>\r\n      <label kind="comments" x="778" y="-188">degradation or failure branch</label>\r\n      <nail x="565" y="-242" />\r\n      <nail x="755" y="-242" />\r\n    </transition>\r\n    <transition>\r\n      <source ref="Template_A_PH_3" />\r\n      <target ref="Template_A_PH_3" />\r\n      <label kind="synchronisation" x="1058" y="-654">degradation_event!</label>\r\n      <label kind="comments" x="1058" y="-568">degradation or failure branch</label>\r\n      <nail x="845" y="-622" />\r\n      <nail x="1035" y="-622" />\r\n    </transition>\r\n    <transition>\r\n      <source ref="Template_A_PH_0" />\r\n      <target ref="Template_A_PH_7" />\r\n      <label kind="guard" x="1240" y="0">!ass_ph()</label>\r\n      <label kind="synchronisation" x="1240" y="34">contract_violation_ph!</label>\r\n      <label kind="comments" x="1240" y="120">deadline or contract failure branch</label>\r\n      <nail x="1360" y="58" />\r\n      <nail x="1360" y="58" />\r\n    </transition>\r\n    <transition>\r\n      <source ref="Template_A_PH_1" />\r\n      <target ref="Template_A_PH_7" />\r\n      <label kind="guard" x="1240" y="-294">!ass_ph()</label>\r\n      <label kind="synchronisation" x="1240" y="-260">contract_violation_ph!</label>\r\n      <label kind="comments" x="1240" y="-174">deadline or contract failure branch</label>\r\n      <nail x="1360" y="-356" />\r\n      <nail x="1360" y="-116" />\r\n    </transition>\r\n    <transition>\r\n      <source ref="Template_A_PH_2" />\r\n      <target ref="Template_A_PH_7" />\r\n      <label kind="guard" x="1240" y="38">!ass_ph()</label>\r\n      <label kind="synchronisation" x="1240" y="72">contract_violation_ph!</label>\r\n      <label kind="comments" x="1240" y="158">deadline or contract failure branch</label>\r\n      <nail x="1360" y="76" />\r\n      <nail x="1360" y="116" />\r\n    </transition>\r\n    <transition>\r\n      <source ref="Template_A_PH_3" />\r\n      <target ref="Template_A_PH_7" />\r\n      <label kind="guard" x="1240" y="-442">!ass_ph()</label>\r\n      <label kind="synchronisation" x="1240" y="-408">contract_violation_ph!</label>\r\n      <label kind="comments" x="1240" y="-322">deadline or contract failure branch</label>\r\n      <nail x="1360" y="-594" />\r\n      <nail x="1360" y="-174" />\r\n    </transition>\r\n    <transition>\r\n      <source ref="Template_A_PH_4" />\r\n      <target ref="Template_A_PH_7" />\r\n      <label kind="guard" x="1240" y="216">!ass_ph()</label>\r\n      <label kind="synchronisation" x="1240" y="250">contract_violation_ph!</label>\r\n      <label kind="comments" x="1240" y="336">deadline or contract failure branch</label>\r\n      <nail x="1360" y="374" />\r\n      <nail x="1360" y="174" />\r\n    </transition>\r\n    <transition>\r\n      <source ref="Template_A_PH_5" />\r\n      <target ref="Template_A_PH_7" />\r\n      <label kind="guard" x="1240" y="-160">!ass_ph()</label>\r\n      <label kind="synchronisation" x="1240" y="-126">contract_violation_ph!</label>\r\n      <label kind="comments" x="1240" y="-40">deadline or contract failure branch</label>\r\n      <nail x="1360" y="28" />\r\n      <nail x="1360" y="-232" />\r\n    </transition>\r\n    <transition>\r\n      <source ref="Template_A_PH_6" />\r\n      <target ref="Template_A_PH_7" />\r\n      <label kind="guard" x="1240" y="24">!ass_ph()</label>\r\n      <label kind="synchronisation" x="1240" y="58">contract_violation_ph!</label>\r\n      <label kind="comments" x="1240" y="144">deadline or contract failure branch</label>\r\n      <nail x="1360" y="-68" />\r\n      <nail x="1360" y="232" />\r\n    </transition>\r\n  </template>\r\n  <template>\r\n    <name>Template_ENV_CH</name>\r\n    <location id="Template_ENV_CH_0" x="0" y="0">\r\n      <name x="-58" y="-38">TickWait</name>\r\n    </location>\r\n    <init ref="Template_ENV_CH_0" />\r\n    <transition>\r\n      <source ref="Template_ENV_CH_0" />\r\n      <target ref="Template_ENV_CH_0" />\r\n      <label kind="synchronisation" x="118" y="-142">measure_tick!</label>\r\n      <label kind="assignment" x="118" y="-100">env_scenario = SCENARIO_NORMAL, TimingOk = true, SINRClass = SINRCLASS_OK,\r\nIClass = ICLASS_OK, PowerClass = POWERCLASS_OK, AoSClass = AOSCLASS_FRESH,\r\nPdClass = PDCLASS_OK, RfaClass = RFACLASS_OK, c_env = 0</label>\r\n      <nail x="-95" y="-110" />\r\n      <nail x="95" y="-110" />\r\n    </transition>\r\n    <transition>\r\n      <source ref="Template_ENV_CH_0" />\r\n      <target ref="Template_ENV_CH_0" />\r\n      <label kind="synchronisation" x="118" y="-188">measure_tick!</label>\r\n      <label kind="assignment" x="118" y="-146">env_scenario = SCENARIO_COMM_DEGRADED, TimingOk = true,\r\nSINRClass = SINRCLASS_OK, IClass = ICLASS_CRITICAL,\r\nPowerClass = POWERCLASS_OK, AoSClass = AOSCLASS_FRESH, PdClass = PDCLASS_OK,\r\nRfaClass = RFACLASS_OK, c_env = 0</label>\r\n      <nail x="-95" y="-156" />\r\n      <nail x="95" y="-156" />\r\n    </transition>\r\n    <transition>\r\n      <source ref="Template_ENV_CH_0" />\r\n      <target ref="Template_ENV_CH_0" />\r\n      <label kind="synchronisation" x="118" y="-234">measure_tick!</label>\r\n      <label kind="assignment" x="118" y="-192">env_scenario = SCENARIO_SENSING_DEGRADED, TimingOk = true,\r\nSINRClass = SINRCLASS_OK, IClass = ICLASS_OK, PowerClass = POWERCLASS_OK,\r\nAoSClass = AOSCLASS_STALE, PdClass = PDCLASS_OK, RfaClass = RFACLASS_OK,\r\nc_env = 0</label>\r\n      <nail x="-95" y="-202" />\r\n      <nail x="95" y="-202" />\r\n    </transition>\r\n    <transition>\r\n      <source ref="Template_ENV_CH_0" />\r\n      <target ref="Template_ENV_CH_0" />\r\n      <label kind="synchronisation" x="118" y="-280">measure_tick!</label>\r\n      <label kind="assignment" x="118" y="-238">env_scenario = SCENARIO_JOINT_DEGRADED, TimingOk = true,\r\nSINRClass = SINRCLASS_OUTAGE, IClass = ICLASS_CRITICAL,\r\nPowerClass = POWERCLASS_ABSENT, AoSClass = AOSCLASS_EXPIRED,\r\nPdClass = PDCLASS_FAILED, RfaClass = RFACLASS_CRITICAL, c_env = 0</label>\r\n      <nail x="-95" y="-248" />\r\n      <nail x="95" y="-248" />\r\n    </transition>\r\n    <transition>\r\n      <source ref="Template_ENV_CH_0" />\r\n      <target ref="Template_ENV_CH_0" />\r\n      <nail x="-95" y="-294" />\r\n      <nail x="95" y="-294" />\r\n    </transition>\r\n  </template>\r\n  <template>\r\n    <name>Template_ENV_TARGET</name>\r\n    <location id="Template_ENV_TARGET_0" x="0" y="0">\r\n      <name x="-58" y="-38">TargetWait</name>\r\n    </location>\r\n    <init ref="Template_ENV_TARGET_0" />\r\n    <transition>\r\n      <source ref="Template_ENV_TARGET_0" />\r\n      <target ref="Template_ENV_TARGET_0" />\r\n      <label kind="synchronisation" x="118" y="-142">target_detected!</label>\r\n      <label kind="assignment" x="118" y="-100">PRSClass = PRSCLASS_OK, BeamErrorClass = BEAMERRORCLASS_LOCKABLE,\r\nBlockageClass = BLOCKAGECLASS_NONE</label>\r\n      <nail x="-95" y="-110" />\r\n      <nail x="95" y="-110" />\r\n    </transition>\r\n    <transition>\r\n      <source ref="Template_ENV_TARGET_0" />\r\n      <target ref="Template_ENV_TARGET_0" />\r\n      <label kind="assignment" x="118" y="-146">BlockageClass = BLOCKAGECLASS_CONFIRMED</label>\r\n      <nail x="-95" y="-156" />\r\n      <nail x="95" y="-156" />\r\n    </transition>\r\n  </template>\r\n  <template>\r\n    <name>Template_ENV_MAC</name>\r\n    <location id="Template_ENV_MAC_0" x="0" y="0">\r\n      <name x="-58" y="-38">ConfigWait</name>\r\n    </location>\r\n    <init ref="Template_ENV_MAC_0" />\r\n    <transition>\r\n      <source ref="Template_ENV_MAC_0" />\r\n      <target ref="Template_ENV_MAC_0" />\r\n      <label kind="synchronisation" x="118" y="-142">pilot_config!</label>\r\n      <label kind="assignment" x="118" y="-100">ConfigAdmissible = true, BeamCmdAdmissible = true</label>\r\n      <nail x="-95" y="-110" />\r\n      <nail x="95" y="-110" />\r\n    </transition>\r\n    <transition>\r\n      <source ref="Template_ENV_MAC_0" />\r\n      <target ref="Template_ENV_MAC_0" />\r\n      <label kind="synchronisation" x="118" y="-188">prs_config!</label>\r\n      <label kind="assignment" x="118" y="-146">ConfigAdmissible = true, BeamCmdAdmissible = true</label>\r\n      <nail x="-95" y="-156" />\r\n      <nail x="95" y="-156" />\r\n    </transition>\r\n    <transition>\r\n      <source ref="Template_ENV_MAC_0" />\r\n      <target ref="Template_ENV_MAC_0" />\r\n      <label kind="synchronisation" x="118" y="-234">ssb_burst_config!</label>\r\n      <label kind="assignment" x="118" y="-192">ConfigAdmissible = true, BeamCmdAdmissible = true</label>\r\n      <nail x="-95" y="-202" />\r\n      <nail x="95" y="-202" />\r\n    </transition>\r\n    <transition>\r\n      <source ref="Template_ENV_MAC_0" />\r\n      <target ref="Template_ENV_MAC_0" />\r\n      <label kind="synchronisation" x="118" y="-280">waveform_config!</label>\r\n      <label kind="assignment" x="118" y="-238">ConfigAdmissible = true, BeamCmdAdmissible = true</label>\r\n      <nail x="-95" y="-248" />\r\n      <nail x="95" y="-248" />\r\n    </transition>\r\n    <transition>\r\n      <source ref="Template_ENV_MAC_0" />\r\n      <target ref="Template_ENV_MAC_0" />\r\n      <label kind="synchronisation" x="118" y="-326">payload_sensing_config!</label>\r\n      <label kind="assignment" x="118" y="-284">ConfigAdmissible = true, BeamCmdAdmissible = true</label>\r\n      <nail x="-95" y="-294" />\r\n      <nail x="95" y="-294" />\r\n    </transition>\r\n    <transition>\r\n      <source ref="Template_ENV_MAC_0" />\r\n      <target ref="Template_ENV_MAC_0" />\r\n      <label kind="synchronisation" x="118" y="-372">beam_cmd!</label>\r\n      <label kind="assignment" x="118" y="-330">ConfigAdmissible = true, BeamCmdAdmissible = true</label>\r\n      <nail x="-95" y="-340" />\r\n      <nail x="95" y="-340" />\r\n    </transition>\r\n    <transition>\r\n      <source ref="Template_ENV_MAC_0" />\r\n      <target ref="Template_ENV_MAC_0" />\r\n      <label kind="synchronisation" x="118" y="-418">extra_ssb_cmd!</label>\r\n      <label kind="assignment" x="118" y="-376">ConfigAdmissible = true, BeamCmdAdmissible = true</label>\r\n      <nail x="-95" y="-386" />\r\n      <nail x="95" y="-386" />\r\n    </transition>\r\n    <transition>\r\n      <source ref="Template_ENV_MAC_0" />\r\n      <target ref="Template_ENV_MAC_0" />\r\n      <label kind="synchronisation" x="118" y="-464">handover_assist_cmd!</label>\r\n      <label kind="assignment" x="118" y="-422">ConfigAdmissible = true, BeamCmdAdmissible = true</label>\r\n      <nail x="-95" y="-432" />\r\n      <nail x="95" y="-432" />\r\n    </transition>\r\n    <transition>\r\n      <source ref="Template_ENV_MAC_0" />\r\n      <target ref="Template_ENV_MAC_0" />\r\n      <label kind="synchronisation" x="118" y="-510">power_cmd!</label>\r\n      <label kind="assignment" x="118" y="-468">ConfigAdmissible = true, BeamCmdAdmissible = true</label>\r\n      <nail x="-95" y="-478" />\r\n      <nail x="95" y="-478" />\r\n    </transition>\r\n    <transition>\r\n      <source ref="Template_ENV_MAC_0" />\r\n      <target ref="Template_ENV_MAC_0" />\r\n      <label kind="synchronisation" x="118" y="-556">sensing_mode_cmd!</label>\r\n      <label kind="assignment" x="118" y="-514">ConfigAdmissible = true, BeamCmdAdmissible = true</label>\r\n      <nail x="-95" y="-524" />\r\n      <nail x="95" y="-524" />\r\n    </transition>\r\n    <transition>\r\n      <source ref="Template_ENV_MAC_0" />\r\n      <target ref="Template_ENV_MAC_0" />\r\n      <label kind="synchronisation" x="118" y="-602">new_beam_confirmed!</label>\r\n      <label kind="assignment" x="118" y="-560">ConfigAdmissible = true, BeamCmdAdmissible = true</label>\r\n      <nail x="-95" y="-570" />\r\n      <nail x="95" y="-570" />\r\n    </transition>\r\n    <transition>\r\n      <source ref="Template_ENV_MAC_0" />\r\n      <target ref="Template_ENV_MAC_0" />\r\n      <label kind="synchronisation" x="118" y="-648">recovery_cmd!</label>\r\n      <label kind="assignment" x="118" y="-606">ConfigAdmissible = true, BeamCmdAdmissible = true</label>\r\n      <nail x="-95" y="-616" />\r\n      <nail x="95" y="-616" />\r\n    </transition>\r\n    <transition>\r\n      <source ref="Template_ENV_MAC_0" />\r\n      <target ref="Template_ENV_MAC_0" />\r\n      <nail x="-95" y="-662" />\r\n      <nail x="95" y="-662" />\r\n    </transition>\r\n  </template>\r\n  <template>\r\n    <name>Template_ENV_NET</name>\r\n    <location id="Template_ENV_NET_0" x="0" y="0">\r\n      <name x="-58" y="-38">DeliveryWait</name>\r\n    </location>\r\n    <init ref="Template_ENV_NET_0" />\r\n    <transition>\r\n      <source ref="Template_ENV_NET_0" />\r\n      <target ref="Template_ENV_NET_0" />\r\n      <label kind="synchronisation" x="118" y="-142">mac_report_delivered!</label>\r\n      <label kind="assignment" x="118" y="-100">NetDeliveryOk = true, c_net = 0</label>\r\n      <nail x="-95" y="-110" />\r\n      <nail x="95" y="-110" />\r\n    </transition>\r\n    <transition>\r\n      <source ref="Template_ENV_NET_0" />\r\n      <target ref="Template_ENV_NET_0" />\r\n      <label kind="synchronisation" x="118" y="-188">controller_report_delivered!</label>\r\n      <label kind="assignment" x="118" y="-146">NetDeliveryOk = true, aos_ctrl = 0, c_net = 0</label>\r\n      <nail x="-95" y="-156" />\r\n      <nail x="95" y="-156" />\r\n    </transition>\r\n    <transition>\r\n      <source ref="Template_ENV_NET_0" />\r\n      <target ref="Template_ENV_NET_0" />\r\n      <label kind="synchronisation" x="118" y="-234">aos_ctrl_expired!</label>\r\n      <nail x="-95" y="-202" />\r\n      <nail x="95" y="-202" />\r\n    </transition>\r\n    <transition>\r\n      <source ref="Template_ENV_NET_0" />\r\n      <target ref="Template_ENV_NET_0" />\r\n      <nail x="-95" y="-248" />\r\n      <nail x="95" y="-248" />\r\n    </transition>\r\n  </template>\r\n  <template>\r\n    <name>Template_ObsSenseReport</name>\r\n    <location id="Template_ObsSenseReport_0" x="0" y="0">\r\n      <name x="-58" y="-38">Idle</name>\r\n    </location>\r\n    <location id="Template_ObsSenseReport_1" x="300" y="0">\r\n      <name x="242" y="-38">Wait</name>\r\n    </location>\r\n    <location id="Template_ObsSenseReport_2" x="620" y="-220">\r\n      <name x="562" y="-258">Violation</name>\r\n    </location>\r\n    <init ref="Template_ObsSenseReport_0" />\r\n    <transition>\r\n      <source ref="Template_ObsSenseReport_0" />\r\n      <target ref="Template_ObsSenseReport_1" />\r\n      <label kind="synchronisation" x="150" y="-24">sensing_degraded?</label>\r\n      <label kind="assignment" x="150" y="18">c_obs_sense = 0</label>\r\n    </transition>\r\n    <transition>\r\n      <source ref="Template_ObsSenseReport_1" />\r\n      <target ref="Template_ObsSenseReport_0" />\r\n      <label kind="guard" x="150" y="108">c_obs_sense &lt;= D_report</label>\r\n      <label kind="synchronisation" x="150" y="142">phy_kpi_report?</label>\r\n      <label kind="comments" x="150" y="228">bounded response satisfied</label>\r\n      <nail x="220" y="220" />\r\n      <nail x="80" y="220" />\r\n    </transition>\r\n    <transition>\r\n      <source ref="Template_ObsSenseReport_1" />\r\n      <target ref="Template_ObsSenseReport_2" />\r\n      <label kind="guard" x="340" y="-168">c_obs_sense &gt; D_report</label>\r\n      <label kind="comments" x="340" y="-48">deadline or contract failure branch</label>\r\n      <nail x="460" y="0" />\r\n      <nail x="460" y="-220" />\r\n    </transition>\r\n  </template>\r\n  <template>\r\n    <name>Template_ObsFreshness</name>\r\n    <location id="Template_ObsFreshness_0" x="0" y="0">\r\n      <name x="-58" y="-38">Idle</name>\r\n    </location>\r\n    <location id="Template_ObsFreshness_1" x="300" y="0">\r\n      <name x="242" y="-38">Wait</name>\r\n    </location>\r\n    <location id="Template_ObsFreshness_2" x="620" y="-220">\r\n      <name x="562" y="-258">Violation</name>\r\n    </location>\r\n    <init ref="Template_ObsFreshness_0" />\r\n    <transition>\r\n      <source ref="Template_ObsFreshness_0" />\r\n      <target ref="Template_ObsFreshness_1" />\r\n      <label kind="synchronisation" x="150" y="-24">aos_ctrl_expired?</label>\r\n      <label kind="assignment" x="150" y="18">c_obs_fresh = 0</label>\r\n    </transition>\r\n    <transition>\r\n      <source ref="Template_ObsFreshness_1" />\r\n      <target ref="Template_ObsFreshness_0" />\r\n      <label kind="guard" x="150" y="108">c_obs_fresh &lt;= D_sense &amp;&amp; SensingState == SENSINGSTATE_FRESHNESSLIMITED</label>\r\n      <label kind="synchronisation" x="150" y="142">sensing_report?</label>\r\n      <label kind="comments" x="150" y="228">bounded response satisfied</label>\r\n      <nail x="220" y="220" />\r\n      <nail x="80" y="220" />\r\n    </transition>\r\n    <transition>\r\n      <source ref="Template_ObsFreshness_1" />\r\n      <target ref="Template_ObsFreshness_2" />\r\n      <label kind="guard" x="340" y="-168">c_obs_fresh &gt; D_sense</label>\r\n      <label kind="comments" x="340" y="-48">deadline or contract failure branch</label>\r\n      <nail x="460" y="0" />\r\n      <nail x="460" y="-220" />\r\n    </transition>\r\n  </template>\r\n  <template>\r\n    <name>Template_ObsBeamRecovery</name>\r\n    <location id="Template_ObsBeamRecovery_0" x="0" y="0">\r\n      <name x="-58" y="-38">Idle</name>\r\n    </location>\r\n    <location id="Template_ObsBeamRecovery_1" x="300" y="0">\r\n      <name x="242" y="-38">Wait</name>\r\n    </location>\r\n    <location id="Template_ObsBeamRecovery_2" x="620" y="-220">\r\n      <name x="562" y="-258">Violation</name>\r\n    </location>\r\n    <init ref="Template_ObsBeamRecovery_0" />\r\n    <transition>\r\n      <source ref="Template_ObsBeamRecovery_0" />\r\n      <target ref="Template_ObsBeamRecovery_1" />\r\n      <label kind="synchronisation" x="150" y="-24">recovery_start?</label>\r\n      <label kind="assignment" x="150" y="18">c_obs_beam = 0</label>\r\n    </transition>\r\n    <transition>\r\n      <source ref="Template_ObsBeamRecovery_1" />\r\n      <target ref="Template_ObsBeamRecovery_0" />\r\n      <label kind="guard" x="150" y="108">c_obs_beam &lt;= D_BM</label>\r\n      <label kind="synchronisation" x="150" y="142">beam_restored?</label>\r\n      <label kind="comments" x="150" y="228">bounded response satisfied</label>\r\n      <nail x="220" y="220" />\r\n      <nail x="80" y="220" />\r\n    </transition>\r\n    <transition>\r\n      <source ref="Template_ObsBeamRecovery_1" />\r\n      <target ref="Template_ObsBeamRecovery_0" />\r\n      <label kind="guard" x="150" y="166">c_obs_beam &lt;= D_BM</label>\r\n      <label kind="synchronisation" x="150" y="200">handover_hint?</label>\r\n      <label kind="comments" x="150" y="286">bounded response satisfied</label>\r\n      <nail x="220" y="278" />\r\n      <nail x="80" y="278" />\r\n    </transition>\r\n    <transition>\r\n      <source ref="Template_ObsBeamRecovery_1" />\r\n      <target ref="Template_ObsBeamRecovery_0" />\r\n      <label kind="guard" x="150" y="224">c_obs_beam &lt;= D_BM</label>\r\n      <label kind="synchronisation" x="150" y="258">beam_failure?</label>\r\n      <label kind="comments" x="150" y="344">bounded response satisfied</label>\r\n      <nail x="220" y="336" />\r\n      <nail x="80" y="336" />\r\n    </transition>\r\n    <transition>\r\n      <source ref="Template_ObsBeamRecovery_1" />\r\n      <target ref="Template_ObsBeamRecovery_2" />\r\n      <label kind="guard" x="340" y="-168">c_obs_beam &gt; D_BM</label>\r\n      <label kind="comments" x="340" y="-48">deadline or contract failure branch</label>\r\n      <nail x="460" y="0" />\r\n      <nail x="460" y="-220" />\r\n    </transition>\r\n  </template>\r\n  <system>A_CH = Template_A_CH();\r\nA_SIG = Template_A_SIG();\r\nA_BM = Template_A_BM();\r\nA_SQ = Template_A_SQ();\r\nA_PH = Template_A_PH();\r\nENV_CH = Template_ENV_CH();\r\nENV_TARGET = Template_ENV_TARGET();\r\nENV_MAC = Template_ENV_MAC();\r\nENV_NET = Template_ENV_NET();\r\nObsSenseReport = Template_ObsSenseReport();\r\nObsFreshness = Template_ObsFreshness();\r\nObsBeamRecovery = Template_ObsBeamRecovery();\r\nsystem A_CH, A_SIG, A_BM, A_SQ, A_PH, ENV_CH, ENV_TARGET, ENV_MAC, ENV_NET, ObsSenseReport, ObsFreshness, ObsBeamRecovery;</system>\r\n</nta>\r\n', 'queries.q': b'A[] not deadlock\r\nE<> A_PH.PHYNormal\r\nE<> A_PH.PHYSensingDegraded\r\nE<> A_PH.PHYCommunicationDegraded\r\nE<> A_PH.PHYJointDegraded\r\nA[] (A_PH.PHYNormal imply (comm_ok && sensing_qos_ok))\r\nA[] (ch_enabled_count <= 1)\r\nA[] (sq_enabled_count <= 1)\r\nA[] (A_BM.BeamRecover imply c_rec <= D_BM)\r\nA[] not ObsSenseReport.Violation\r\nA[] not ObsFreshness.Violation\r\nA[] not ObsBeamRecovery.Violation\r\nA[] (ass_ch() imply not A_CH.ContractViolation_CH)\r\nA[] (ass_sig() imply not A_SIG.ContractViolation_SIG)\r\nA[] (ass_bm() imply not A_BM.ContractViolation_BM)\r\nA[] (ass_sq() imply not A_SQ.ContractViolation_SQ)\r\nA[] (ass_ph() imply not A_PH.ContractViolation_PH)\r\n', 'results.json': b'{\r\n  "status": "satisfied",\r\n  "query_results": []\r\n}', 'trace.txt': b'State: A_CH.ChannelAvailable\r\n', 'report.md': b'# PHY Property Report\r\n\r\n| Property | Category | Query | Result | Interpretation | Source |\r\n|---|---|---|---|---|---|\r\n| deadlock_free | safety | `A[] not deadlock` | not_run | closed A_SYS has no deadlocks | PHY_level_formalization_reviewed-2026-06-06-143000.tex:properties:812 |\r\n| reach_phy_normal | reachability | `E<> A_PH.PHYNormal` | not_run | normal PHY state is reachable | PHY_level_formalization_reviewed-2026-06-06-143000.tex:properties:813 |\r\n| reach_phy_sensing_degraded | reachability | `E<> A_PH.PHYSensingDegraded` | not_run | sensing degradation is reachable | PHY_level_formalization_reviewed-2026-06-06-143000.tex:properties:814 |\r\n| reach_phy_communication_degraded | reachability | `E<> A_PH.PHYCommunicationDegraded` | not_run | communication degradation is reachable | PHY_level_formalization_reviewed-2026-06-06-143000.tex:properties:815 |\r\n| reach_phy_joint_degraded | reachability | `E<> A_PH.PHYJointDegraded` | not_run | joint degradation is reachable | PHY_level_formalization_reviewed-2026-06-06-143000.tex:properties:816 |\r\n| aggregation_consistency | safety | `A[] (A_PH.PHYNormal imply (comm_ok && sensing_qos_ok))` | not_run | normal state implies both aggregate booleans are ok | PHY_level_formalization_reviewed-2026-06-06-143000.tex:properties:817 |\r\n| ch_determinism | safety | `A[] (ch_enabled_count <= 1)` | not_run | channel classifier has at most one enabled result | PHY_level_formalization_reviewed-2026-06-06-143000.tex:properties:858 |\r\n| sq_determinism | safety | `A[] (sq_enabled_count <= 1)` | not_run | sensing classifier has at most one enabled result | PHY_level_formalization_reviewed-2026-06-06-143000.tex:properties:859 |\r\n| bm_recover_invariant | safety | `A[] (A_BM.BeamRecover imply c_rec <= D_BM)` | not_run | beam recovery never exceeds its invariant | PHY_level_formalization_reviewed-2026-06-06-143000.tex:properties:854 |\r\n| ObsSenseReport | observer | `A[] not ObsSenseReport.Violation` | not_run | ObsSenseReport does not reach Violation | PHY_level_formalization_reviewed-2026-06-06-143000.tex:observers:820 |\r\n| ObsFreshness | observer | `A[] not ObsFreshness.Violation` | not_run | ObsFreshness does not reach Violation | PHY_level_formalization_reviewed-2026-06-06-143000.tex:observers:832 |\r\n| ObsBeamRecovery | observer | `A[] not ObsBeamRecovery.Violation` | not_run | ObsBeamRecovery does not reach Violation | PHY_level_formalization_reviewed-2026-06-06-143000.tex:observers:842 |\r\n| contract_ch | contract | `A[] (ass_ch() imply not A_CH.ContractViolation_CH)` | not_run | A_CH contract violation is absent under assumptions | PHY_level_formalization_reviewed-2026-06-06-143000.tex:contracts:877 |\r\n| contract_sig | contract | `A[] (ass_sig() imply not A_SIG.ContractViolation_SIG)` | not_run | A_SIG contract violation is absent under assumptions | PHY_level_formalization_reviewed-2026-06-06-143000.tex:contracts:878 |\r\n| contract_bm | contract | `A[] (ass_bm() imply not A_BM.ContractViolation_BM)` | not_run | A_BM contract violation is absent under assumptions | PHY_level_formalization_reviewed-2026-06-06-143000.tex:contracts:879 |\r\n| contract_sq | contract | `A[] (ass_sq() imply not A_SQ.ContractViolation_SQ)` | not_run | A_SQ contract violation is absent under assumptions | PHY_level_formalization_reviewed-2026-06-06-143000.tex:contracts:880 |\r\n| contract_ph | contract | `A[] (ass_ph() imply not A_PH.ContractViolation_PH)` | not_run | A_PH contract violation is absent under assumptions | PHY_level_formalization_reviewed-2026-06-06-143000.tex:contracts:881 |\r\n\r\nGenerated query lines: 17.\r\n', 'traceability_matrix.md': b'# PHY Traceability Matrix\r\n\r\n| Article claim | IR entity | UPPAAL artifact | Source |\r\n|---|---|---|---|\r\n| `A_PHY = A_CH || A_SIG || A_BM || A_SQ || A_PH` | composition | `system ... A_PH ...` | invariants |\r\n| `A_SYS = A_PHY || A_ENV` | closed system | `ENV_CH, ENV_TARGET, ENV_MAC, ENV_NET` | invariants |\r\n| PHY automaton A_CH | A_CH | Template_A_CH / instance A_CH | PHY_level_formalization_reviewed-2026-06-06-143000.tex:A_CH:377 |\r\n| PHY automaton A_SIG | A_SIG | Template_A_SIG / instance A_SIG | PHY_level_formalization_reviewed-2026-06-06-143000.tex:A_SIG:444 |\r\n| PHY automaton A_BM | A_BM | Template_A_BM / instance A_BM | PHY_level_formalization_reviewed-2026-06-06-143000.tex:A_BM:487 |\r\n| PHY automaton A_SQ | A_SQ | Template_A_SQ / instance A_SQ | PHY_level_formalization_reviewed-2026-06-06-143000.tex:A_SQ:585 |\r\n| PHY automaton A_PH | A_PH | Template_A_PH / instance A_PH | PHY_level_formalization_reviewed-2026-06-06-143000.tex:A_PH:667 |\r\n| Bounded response ObsSenseReport | ObsSenseReport | A[] not ObsSenseReport.Violation | PHY_level_formalization_reviewed-2026-06-06-143000.tex:observers:820 |\r\n| Bounded response ObsFreshness | ObsFreshness | A[] not ObsFreshness.Violation | PHY_level_formalization_reviewed-2026-06-06-143000.tex:observers:832 |\r\n| Bounded response ObsBeamRecovery | ObsBeamRecovery | A[] not ObsBeamRecovery.Violation | PHY_level_formalization_reviewed-2026-06-06-143000.tex:observers:842 |\r\n| Assume-guarantee for A_CH | A_CH | ass_ch() imply not ContractViolation_CH | PHY_level_formalization_reviewed-2026-06-06-143000.tex:contracts:263 |\r\n| Assume-guarantee for A_SIG | A_SIG | ass_sig() imply not ContractViolation_SIG | PHY_level_formalization_reviewed-2026-06-06-143000.tex:contracts:265 |\r\n| Assume-guarantee for A_BM | A_BM | ass_bm() imply not ContractViolation_BM | PHY_level_formalization_reviewed-2026-06-06-143000.tex:contracts:267 |\r\n| Assume-guarantee for A_SQ | A_SQ | ass_sq() imply not ContractViolation_SQ | PHY_level_formalization_reviewed-2026-06-06-143000.tex:contracts:269 |\r\n| Assume-guarantee for A_PH | A_PH | ass_ph() imply not ContractViolation_PH | PHY_level_formalization_reviewed-2026-06-06-143000.tex:contracts:271 |\r\n', 'model_summary.md': b'# PHY Model Summary\r\n\r\n## IR\r\n\r\n- PHY components: A_CH, A_SIG, A_BM, A_SQ, A_PH\r\n- ENV components: ENV_CH, ENV_TARGET, ENV_MAC, ENV_NET\r\n- classes: 28\r\n- clocks: 9\r\n- variables: 40\r\n- channels: 45\r\n- env specs: 4\r\n- observers: 3\r\n- properties: 17\r\n\r\n## Generated UPPAAL\r\n\r\n- templates: Template_A_CH, Template_A_SIG, Template_A_BM, Template_A_SQ, Template_A_PH, Template_ENV_CH, Template_ENV_TARGET, Template_ENV_MAC, Template_ENV_NET, Template_ObsSenseReport, Template_ObsFreshness, Template_ObsBeamRecovery\r\n- generated model static validation: ok\r\n- query lines: 17\r\n', 'model_map.md': b'# PHY Model Map\r\n\r\n- layout mode: `readable`\r\n- coordinate convention: X left-to-right follows scenario progress.\r\n- coordinate convention: negative Y is degradation/alerts; positive Y is recovery/reporting/service paths.\r\n- coordinate convention: nominal/base states are left; violation/failure states are right.\r\n\r\n## Templates\r\n\r\n| Template | Purpose | Listens | Publishes | Writes | Reads |\r\n|---|---|---|---|---|---|\r\n| `A_CH` | Channel classifier: turns finite alpha_PHY channel classes into ChannelClass and channel reports. | `measure_tick`, `power_cmd` | `blockage_detected`, `channel_degraded`, `channel_report`, `contract_violation_ch`, `mobility_alert`, `multipath_alert`, `phy_outage` | `ChannelClass`, `c_meas`, `ch_enabled_count`, `channel_degraded_flag`, `channel_report_pending` | `env_scenario` |\r\n| `A_SIG` | Signal classifier: models waveform/pilot/PRS/payload sensing configuration and signal reports. | `payload_sensing_config`, `pilot_config`, `prs_config`, `sensing_mode_cmd`, `waveform_config` | `contract_violation_sig`, `signal_degraded`, `signal_report` | `SignalClass`, `c_sig`, `signal_degraded_flag`, `signal_report_pending` | `BLERClass`, `DRTClass`, `PayloadSenseClass`, `PilotDensityClass` |\r\n| `A_BM` | Beam management: search, lock, prediction, recovery, handover assist and failed beam outcomes. | `beam_cmd`, `extra_ssb_cmd`, `handover_assist_cmd`, `new_beam_confirmed`, `recovery_cmd`, `ssb_burst_config`, `target_detected` | `beam_failure`, `beam_misaligned`, `beam_report`, `beam_restored`, `contract_violation_bm`, `handover_hint`, `recovery_start` | `BeamClass`, `beam_degraded_flag`, `c_rec`, `c_ssb`, `target_seen` | `AccClass`, `BeamErrorClass`, `BlockageClass`, `MisClass`, `PRSClass` |\r\n| `A_SQ` | Sensing QoS classifier: aggregates child reports into finite sensing quality states. | `beam_report`, `channel_report`, `signal_report` | `contract_violation_sq`, `sensing_degraded`, `sensing_failure`, `sensing_report` | `SensingState`, `c_sense`, `input_changed`, `sensing_degraded_flag`, `sensing_failure_flag`, `sensing_qos_ok`, `sensing_report_pending`, `sq_enabled_count` | `env_scenario` |\r\n| `A_PH` | Aggregate PHY state: collects child reports and emits PHY KPI/failure/degradation state. | `beam_report`, `channel_report`, `controller_report_delivered`, `mac_report_delivered`, `recovery_cmd`, `sensing_report`, `signal_report` | `contract_violation_ph`, `degradation_event`, `phy_failure`, `phy_kpi_report` | `PHYState`, `c_report`, `child_update`, `comm_ok`, `degradation_flag`, `phy_kpi_report_pending`, `sensing_qos_ok` | `BeamClass`, `ChannelClass`, `SensingState`, `env_scenario` |\r\n| `ENV_CH` | Environment stimulus loop for measurement ticks and finite channel/sensing classes. | - | `measure_tick` | `AoSClass`, `IClass`, `PdClass`, `PowerClass`, `RfaClass`, `SINRClass`, `TimingOk`, `c_env`, `env_scenario` | - |\r\n| `ENV_TARGET` | Environment stimulus loop for target detection and blockage classes. | - | `target_detected` | `BeamErrorClass`, `BlockageClass`, `PRSClass` | - |\r\n| `ENV_MAC` | Environment stimulus loop for MAC/SDN configuration commands. | - | `beam_cmd`, `extra_ssb_cmd`, `handover_assist_cmd`, `new_beam_confirmed`, `payload_sensing_config`, `pilot_config`, `power_cmd`, `prs_config`, `recovery_cmd`, `sensing_mode_cmd`, `ssb_burst_config`, `waveform_config` | `BeamCmdAdmissible`, `ConfigAdmissible` | - |\r\n| `ENV_NET` | Environment stimulus loop for network/controller delivery and freshness expiry. | - | `aos_ctrl_expired`, `controller_report_delivered`, `mac_report_delivered` | `NetDeliveryOk`, `aos_ctrl`, `c_net` | - |\r\n| `ObsSenseReport` | Bounded-response observer: trigger, wait, response-satisfied edge, violation edge. | `phy_kpi_report`, `sensing_degraded` | - | `c_obs_sense` | - |\r\n| `ObsFreshness` | Bounded-response observer: trigger, wait, response-satisfied edge, violation edge. | `aos_ctrl_expired`, `sensing_report` | - | `c_obs_fresh` | `SensingState` |\r\n| `ObsBeamRecovery` | Bounded-response observer: trigger, wait, response-satisfied edge, violation edge. | `beam_failure`, `beam_restored`, `handover_hint`, `recovery_start` | - | `c_obs_beam` | - |\r\n\r\n## Semantic Zones\r\n\r\n### `A_CH`\r\n\r\n| Zone | Locations / paths |\r\n|---|---|\r\n| nominal | `ChannelNominal` |\r\n| measurement | `MeasurePending` |\r\n| channel degraded classes | `InterferenceLimited`, `MobilityLimited`, `MultipathLimited`, `Blockage` |\r\n| outage | `Outage` |\r\n| contract violation | `ContractViolation_CH` |\r\n\r\n### `A_SIG`\r\n\r\n| Zone | Locations / paths |\r\n|---|---|\r\n| signal nominal | `SignalNominal`, `PilotBasedSensing`, `PayloadAssistedSensing` |\r\n| reconfiguring | `SignalReconfiguring` |\r\n| signal limited | `SignalLimited` |\r\n| report path | `signal_report! transitions` |\r\n| violation | `ContractViolation_SIG` |\r\n\r\n### `A_BM`\r\n\r\n| Zone | Locations / paths |\r\n|---|---|\r\n| beam lock | `BeamSearch`, `BeamSearchSeen`, `BeamTrack`, `BeamLock`, `BeamPredict` |\r\n| recovery | `BeamMisalign`, `BeamRecoveryStart`, `BeamRecover` |\r\n| restored | `BeamLock` |\r\n| handover assist | `BeamHOAssist` |\r\n| failed | `BeamFailed`, `ContractViolation_BM` |\r\n\r\n### `A_SQ`\r\n\r\n| Zone | Locations / paths |\r\n|---|---|\r\n| sensing nominal | `Idle`, `SensingEvaluating`, `SensingQoSOk` |\r\n| probability/freshness/resolution limited | `ProbabilityLimited`, `FalseAlarmLimited`, `AccuracyLimited`, `FreshnessLimited`, `CoverageLimited`, `CapacityLimited` |\r\n| failure | `SensingFailure`, `ContractViolation_SQ` |\r\n\r\n### `A_PH`\r\n\r\n| Zone | Locations / paths |\r\n|---|---|\r\n| aggregate normal | `PHYNormal` |\r\n| communication degraded | `PHYCommunicationDegraded` |\r\n| sensing degraded | `PHYSensingDegraded` |\r\n| joint degraded | `PHYJointDegraded` |\r\n| failure | `PHYFailure`, `ContractViolation_PH` |\r\n| reporting/recovery | `PHYKpiReporting`, `PHYRecovery` |\r\n\r\n### `ENV_*`\r\n\r\n| Zone | Locations / paths |\r\n|---|---|\r\n| environment stimulus loops | `TickWait`, `TargetWait`, `ConfigWait`, `DeliveryWait` |\r\n\r\n### `Obs*`\r\n\r\n| Zone | Locations / paths |\r\n|---|---|\r\n| trigger | `Idle -> Wait` |\r\n| waiting | `Wait` |\r\n| satisfied | `Wait -> Idle response transitions` |\r\n| violation | `Violation` |\r\n', 'template_map.md': b'# PHY Template Map\r\n\r\nLayout mode: `readable`.\r\n\r\n## `A_CH`\r\n\r\nChannel classifier: turns finite alpha_PHY channel classes into ChannelClass and channel reports.\r\n\r\n### Locations\r\n\r\n| Location | Meaning | Coordinates |\r\n|---|---|---|\r\n| `ChannelNominal` | nominal channel class; baseline left-side state | `0,0` |\r\n| `MeasurePending` | measurement/report deadline window | `300,180` |\r\n| `InterferenceLimited` | communication degraded by interference | `660,-260` |\r\n| `MobilityLimited` | communication degraded by mobility/Doppler | `660,-80` |\r\n| `MultipathLimited` | communication degraded by delay spread | `660,100` |\r\n| `Blockage` | blockage class detected | `960,-440` |\r\n| `Outage` | channel outage event branch | `960,-640` |\r\n| `ContractViolation_CH` | contract violation sink on the right side | `1280,0` |\r\n\r\n### Transitions\r\n\r\n| Transition | Reason | Guard | Sync | Assignment writes | Sender / listeners |\r\n|---|---|---|---|---|---|\r\n| `ChannelNominal -> MeasurePending` | synchronised branch | `-` | `measure_tick?` | `c_meas`, `channel_report_pending` | measure_tick: listener here; senders ENV_CH |\r\n| `ChannelNominal -> ChannelNominal` | receives MAC/SDN command | `-` | `power_cmd?` | - | power_cmd: listener here; senders ENV_MAC |\r\n| `MeasurePending -> MeasurePending` | receives MAC/SDN command | `-` | `power_cmd?` | - | power_cmd: listener here; senders ENV_MAC |\r\n| `InterferenceLimited -> MeasurePending` | synchronised branch | `-` | `measure_tick?` | `c_meas`, `channel_report_pending` | measure_tick: listener here; senders ENV_CH |\r\n| `InterferenceLimited -> InterferenceLimited` | receives MAC/SDN command | `-` | `power_cmd?` | - | power_cmd: listener here; senders ENV_MAC |\r\n| `MobilityLimited -> MeasurePending` | synchronised branch | `-` | `measure_tick?` | `c_meas`, `channel_report_pending` | measure_tick: listener here; senders ENV_CH |\r\n| `MobilityLimited -> MobilityLimited` | receives MAC/SDN command | `-` | `power_cmd?` | - | power_cmd: listener here; senders ENV_MAC |\r\n| `MultipathLimited -> MeasurePending` | synchronised branch | `-` | `measure_tick?` | `c_meas`, `channel_report_pending` | measure_tick: listener here; senders ENV_CH |\r\n| `MultipathLimited -> MultipathLimited` | receives MAC/SDN command | `-` | `power_cmd?` | - | power_cmd: listener here; senders ENV_MAC |\r\n| `Blockage -> MeasurePending` | synchronised branch | `-` | `measure_tick?` | `c_meas`, `channel_report_pending` | measure_tick: listener here; senders ENV_CH |\r\n| `Blockage -> Blockage` | receives MAC/SDN command | `-` | `power_cmd?` | - | power_cmd: listener here; senders ENV_MAC |\r\n| `Outage -> MeasurePending` | synchronised branch | `-` | `measure_tick?` | `c_meas`, `channel_report_pending` | measure_tick: listener here; senders ENV_CH |\r\n| `Outage -> Outage` | receives MAC/SDN command | `-` | `power_cmd?` | - | power_cmd: listener here; senders ENV_MAC |\r\n| `ContractViolation_CH -> MeasurePending` | synchronised branch | `-` | `measure_tick?` | `c_meas`, `channel_report_pending` | measure_tick: listener here; senders ENV_CH |\r\n| `ContractViolation_CH -> ContractViolation_CH` | contract/deadline failure path | `-` | `power_cmd?` | - | power_cmd: listener here; senders ENV_MAC |\r\n| `MeasurePending -> ChannelNominal` | publishes report and commits classifier/aggregate state | `env_scenario == SCENARIO_NORMAL && c_meas <= D_meas` | `channel_report!` | `ChannelClass`, `c_meas`, `ch_enabled_count`, `channel_degraded_flag`, `channel_report_pending` | channel_report: sender here; listeners A_PH, A_SQ |\r\n| `MeasurePending -> InterferenceLimited` | publishes report and commits classifier/aggregate state | `env_scenario == SCENARIO_COMM_DEGRADED && c_meas <= D_meas` | `channel_report!` | `ChannelClass`, `c_meas`, `ch_enabled_count`, `channel_degraded_flag`, `channel_report_pending` | channel_report: sender here; listeners A_PH, A_SQ |\r\n| `MeasurePending -> MobilityLimited` | publishes report and commits classifier/aggregate state | `env_scenario == SCENARIO_SENSING_DEGRADED && c_meas <= D_meas` | `channel_report!` | `ChannelClass`, `c_meas`, `ch_enabled_count`, `channel_degraded_flag`, `channel_report_pending` | channel_report: sender here; listeners A_PH, A_SQ |\r\n| `MeasurePending -> Outage` | publishes report and commits classifier/aggregate state | `env_scenario == SCENARIO_JOINT_DEGRADED && c_meas <= D_meas` | `channel_report!` | `ChannelClass`, `c_meas`, `ch_enabled_count`, `channel_degraded_flag`, `channel_report_pending` | channel_report: sender here; listeners A_PH, A_SQ |\r\n| `InterferenceLimited -> InterferenceLimited` | event self-loop | `-` | `channel_degraded!` | - | channel_degraded: sender here; listeners - |\r\n| `MobilityLimited -> MobilityLimited` | event self-loop | `-` | `mobility_alert!` | - | mobility_alert: sender here; listeners - |\r\n| `MultipathLimited -> MultipathLimited` | event self-loop | `-` | `multipath_alert!` | - | multipath_alert: sender here; listeners - |\r\n| `Blockage -> Blockage` | event self-loop | `-` | `blockage_detected!` | - | blockage_detected: sender here; listeners - |\r\n| `Outage -> Outage` | event self-loop | `-` | `phy_outage!` | - | phy_outage: sender here; listeners - |\r\n| `ChannelNominal -> ContractViolation_CH` | contract/deadline failure path | `!ass_ch()` | `contract_violation_ch!` | - | contract_violation_ch: sender here; listeners - |\r\n| `MeasurePending -> ContractViolation_CH` | contract/deadline failure path | `!ass_ch()` | `contract_violation_ch!` | - | contract_violation_ch: sender here; listeners - |\r\n| `InterferenceLimited -> ContractViolation_CH` | contract/deadline failure path | `!ass_ch()` | `contract_violation_ch!` | - | contract_violation_ch: sender here; listeners - |\r\n| `MobilityLimited -> ContractViolation_CH` | contract/deadline failure path | `!ass_ch()` | `contract_violation_ch!` | - | contract_violation_ch: sender here; listeners - |\r\n| `MultipathLimited -> ContractViolation_CH` | contract/deadline failure path | `!ass_ch()` | `contract_violation_ch!` | - | contract_violation_ch: sender here; listeners - |\r\n| `Blockage -> ContractViolation_CH` | contract/deadline failure path | `!ass_ch()` | `contract_violation_ch!` | - | contract_violation_ch: sender here; listeners - |\r\n| `Outage -> ContractViolation_CH` | contract/deadline failure path | `!ass_ch()` | `contract_violation_ch!` | - | contract_violation_ch: sender here; listeners - |\r\n\r\n## `A_SIG`\r\n\r\nSignal classifier: models waveform/pilot/PRS/payload sensing configuration and signal reports.\r\n\r\n### Locations\r\n\r\n| Location | Meaning | Coordinates |\r\n|---|---|---|\r\n| `SignalNominal` | baseline signal configuration | `0,0` |\r\n| `PilotBasedSensing` | pilot-based sensing mode is viable | `620,0` |\r\n| `PayloadAssistedSensing` | payload-assisted sensing mode is viable | `900,0` |\r\n| `SignalReconfiguring` | configuration/report deadline window | `300,200` |\r\n| `SignalLimited` | signal quality is limited | `1180,-220` |\r\n| `ContractViolation_SIG` | contract violation sink on the right side | `1480,0` |\r\n\r\n### Transitions\r\n\r\n| Transition | Reason | Guard | Sync | Assignment writes | Sender / listeners |\r\n|---|---|---|---|---|---|\r\n| `SignalNominal -> SignalReconfiguring` | receives MAC/SDN command | `-` | `waveform_config?` | `c_sig`, `signal_report_pending` | waveform_config: listener here; senders ENV_MAC |\r\n| `SignalNominal -> SignalReconfiguring` | receives MAC/SDN command | `-` | `pilot_config?` | `c_sig`, `signal_report_pending` | pilot_config: listener here; senders ENV_MAC |\r\n| `SignalNominal -> SignalReconfiguring` | receives MAC/SDN command | `-` | `prs_config?` | `c_sig`, `signal_report_pending` | prs_config: listener here; senders ENV_MAC |\r\n| `SignalNominal -> SignalReconfiguring` | receives MAC/SDN command | `-` | `payload_sensing_config?` | `c_sig`, `signal_report_pending` | payload_sensing_config: listener here; senders ENV_MAC |\r\n| `SignalNominal -> SignalReconfiguring` | receives MAC/SDN command | `-` | `sensing_mode_cmd?` | `c_sig`, `signal_report_pending` | sensing_mode_cmd: listener here; senders ENV_MAC |\r\n| `PilotBasedSensing -> SignalReconfiguring` | receives MAC/SDN command | `-` | `waveform_config?` | `c_sig`, `signal_report_pending` | waveform_config: listener here; senders ENV_MAC |\r\n| `PilotBasedSensing -> SignalReconfiguring` | receives MAC/SDN command | `-` | `pilot_config?` | `c_sig`, `signal_report_pending` | pilot_config: listener here; senders ENV_MAC |\r\n| `PilotBasedSensing -> SignalReconfiguring` | receives MAC/SDN command | `-` | `prs_config?` | `c_sig`, `signal_report_pending` | prs_config: listener here; senders ENV_MAC |\r\n| `PilotBasedSensing -> SignalReconfiguring` | receives MAC/SDN command | `-` | `payload_sensing_config?` | `c_sig`, `signal_report_pending` | payload_sensing_config: listener here; senders ENV_MAC |\r\n| `PilotBasedSensing -> SignalReconfiguring` | receives MAC/SDN command | `-` | `sensing_mode_cmd?` | `c_sig`, `signal_report_pending` | sensing_mode_cmd: listener here; senders ENV_MAC |\r\n| `PayloadAssistedSensing -> SignalReconfiguring` | receives MAC/SDN command | `-` | `waveform_config?` | `c_sig`, `signal_report_pending` | waveform_config: listener here; senders ENV_MAC |\r\n| `PayloadAssistedSensing -> SignalReconfiguring` | receives MAC/SDN command | `-` | `pilot_config?` | `c_sig`, `signal_report_pending` | pilot_config: listener here; senders ENV_MAC |\r\n| `PayloadAssistedSensing -> SignalReconfiguring` | receives MAC/SDN command | `-` | `prs_config?` | `c_sig`, `signal_report_pending` | prs_config: listener here; senders ENV_MAC |\r\n| `PayloadAssistedSensing -> SignalReconfiguring` | receives MAC/SDN command | `-` | `payload_sensing_config?` | `c_sig`, `signal_report_pending` | payload_sensing_config: listener here; senders ENV_MAC |\r\n| `PayloadAssistedSensing -> SignalReconfiguring` | receives MAC/SDN command | `-` | `sensing_mode_cmd?` | `c_sig`, `signal_report_pending` | sensing_mode_cmd: listener here; senders ENV_MAC |\r\n| `SignalReconfiguring -> SignalReconfiguring` | receives MAC/SDN command | `-` | `waveform_config?` | `c_sig`, `signal_report_pending` | waveform_config: listener here; senders ENV_MAC |\r\n| `SignalReconfiguring -> SignalReconfiguring` | receives MAC/SDN command | `-` | `pilot_config?` | `c_sig`, `signal_report_pending` | pilot_config: listener here; senders ENV_MAC |\r\n| `SignalReconfiguring -> SignalReconfiguring` | receives MAC/SDN command | `-` | `prs_config?` | `c_sig`, `signal_report_pending` | prs_config: listener here; senders ENV_MAC |\r\n| `SignalReconfiguring -> SignalReconfiguring` | receives MAC/SDN command | `-` | `payload_sensing_config?` | `c_sig`, `signal_report_pending` | payload_sensing_config: listener here; senders ENV_MAC |\r\n| `SignalReconfiguring -> SignalReconfiguring` | receives MAC/SDN command | `-` | `sensing_mode_cmd?` | `c_sig`, `signal_report_pending` | sensing_mode_cmd: listener here; senders ENV_MAC |\r\n| `SignalLimited -> SignalReconfiguring` | receives MAC/SDN command | `-` | `waveform_config?` | `c_sig`, `signal_report_pending` | waveform_config: listener here; senders ENV_MAC |\r\n| `SignalLimited -> SignalReconfiguring` | receives MAC/SDN command | `-` | `pilot_config?` | `c_sig`, `signal_report_pending` | pilot_config: listener here; senders ENV_MAC |\r\n| `SignalLimited -> SignalReconfiguring` | receives MAC/SDN command | `-` | `prs_config?` | `c_sig`, `signal_report_pending` | prs_config: listener here; senders ENV_MAC |\r\n| `SignalLimited -> SignalReconfiguring` | receives MAC/SDN command | `-` | `payload_sensing_config?` | `c_sig`, `signal_report_pending` | payload_sensing_config: listener here; senders ENV_MAC |\r\n| `SignalLimited -> SignalReconfiguring` | receives MAC/SDN command | `-` | `sensing_mode_cmd?` | `c_sig`, `signal_report_pending` | sensing_mode_cmd: listener here; senders ENV_MAC |\r\n| `ContractViolation_SIG -> SignalReconfiguring` | receives MAC/SDN command | `-` | `waveform_config?` | `c_sig`, `signal_report_pending` | waveform_config: listener here; senders ENV_MAC |\r\n| `ContractViolation_SIG -> SignalReconfiguring` | receives MAC/SDN command | `-` | `pilot_config?` | `c_sig`, `signal_report_pending` | pilot_config: listener here; senders ENV_MAC |\r\n| `ContractViolation_SIG -> SignalReconfiguring` | receives MAC/SDN command | `-` | `prs_config?` | `c_sig`, `signal_report_pending` | prs_config: listener here; senders ENV_MAC |\r\n| `ContractViolation_SIG -> SignalReconfiguring` | receives MAC/SDN command | `-` | `payload_sensing_config?` | `c_sig`, `signal_report_pending` | payload_sensing_config: listener here; senders ENV_MAC |\r\n| `ContractViolation_SIG -> SignalReconfiguring` | receives MAC/SDN command | `-` | `sensing_mode_cmd?` | `c_sig`, `signal_report_pending` | sensing_mode_cmd: listener here; senders ENV_MAC |\r\n| `SignalReconfiguring -> SignalNominal` | publishes report and commits classifier/aggregate state | `c_sig <= D_sig` | `signal_report!` | `SignalClass`, `c_sig`, `signal_report_pending` | signal_report: sender here; listeners A_PH, A_SQ |\r\n| `SignalNominal -> PilotBasedSensing` | publishes report and commits classifier/aggregate state | `PilotDensityClass == PILOTDENSITYCLASS_OK && BLERClass == BLERCLASS_OK && DRTClass == DRTCLASS_OK` | `signal_report!` | `SignalClass`, `c_sig`, `signal_report_pending` | signal_report: sender here; listeners A_PH, A_SQ |\r\n| `PilotBasedSensing -> PayloadAssistedSensing` | publishes report and commits classifier/aggregate state | `PilotDensityClass == PILOTDENSITYCLASS_LOW && PayloadSenseClass != PAYLOADSENSECLASS_FAILED` | `signal_report!` | `SignalClass`, `c_sig`, `signal_report_pending` | signal_report: sender here; listeners A_PH, A_SQ |\r\n| `PayloadAssistedSensing -> SignalLimited` | publishes report and commits classifier/aggregate state | `BLERClass != BLERCLASS_OK \\|\\| DRTClass == DRTCLASS_BAD \\|\\| PayloadSenseClass == PAYLOADSENSECLASS_FAILED` | `signal_report!` | `SignalClass`, `c_sig`, `signal_degraded_flag`, `signal_report_pending` | signal_report: sender here; listeners A_PH, A_SQ |\r\n| `SignalLimited -> SignalLimited` | event self-loop | `-` | `signal_degraded!` | - | signal_degraded: sender here; listeners - |\r\n| `SignalLimited -> SignalReconfiguring` | receives MAC/SDN command | `-` | `waveform_config?` | `c_sig` | waveform_config: listener here; senders ENV_MAC |\r\n| `SignalNominal -> ContractViolation_SIG` | contract/deadline failure path | `!ass_sig()` | `contract_violation_sig!` | - | contract_violation_sig: sender here; listeners - |\r\n| `PilotBasedSensing -> ContractViolation_SIG` | contract/deadline failure path | `!ass_sig()` | `contract_violation_sig!` | - | contract_violation_sig: sender here; listeners - |\r\n| `PayloadAssistedSensing -> ContractViolation_SIG` | contract/deadline failure path | `!ass_sig()` | `contract_violation_sig!` | - | contract_violation_sig: sender here; listeners - |\r\n| `SignalReconfiguring -> ContractViolation_SIG` | contract/deadline failure path | `!ass_sig()` | `contract_violation_sig!` | - | contract_violation_sig: sender here; listeners - |\r\n| `SignalLimited -> ContractViolation_SIG` | contract/deadline failure path | `!ass_sig()` | `contract_violation_sig!` | - | contract_violation_sig: sender here; listeners - |\r\n\r\n## `A_BM`\r\n\r\nBeam management: search, lock, prediction, recovery, handover assist and failed beam outcomes.\r\n\r\n### Locations\r\n\r\n| Location | Meaning | Coordinates |\r\n|---|---|---|\r\n| `BeamSearch` | beam search baseline | `0,0` |\r\n| `BeamSearchSeen` | target has been detected during search | `280,0` |\r\n| `BeamTrack` | beam tracking path | `560,0` |\r\n| `BeamLock` | locked/restored beam | `840,0` |\r\n| `BeamPredict` | predictive branch before recovery | `840,-220` |\r\n| `BeamMisalign` | misalignment alert branch | `560,-260` |\r\n| `BeamRecoveryStart` | recovery trigger handoff | `1120,220` |\r\n| `BeamRecover` | bounded recovery deadline window | `1400,220` |\r\n| `BeamHOAssist` | handover assist outcome | `1680,200` |\r\n| `BeamFailed` | beam recovery failed | `1680,-260` |\r\n| `ContractViolation_BM` | contract violation sink on the right side | `1980,0` |\r\n\r\n### Transitions\r\n\r\n| Transition | Reason | Guard | Sync | Assignment writes | Sender / listeners |\r\n|---|---|---|---|---|---|\r\n| `BeamSearch -> BeamSearch` | receives MAC/SDN command | `-` | `beam_cmd?` | `BeamClass`, `c_ssb` | beam_cmd: listener here; senders ENV_MAC |\r\n| `BeamSearch -> BeamSearch` | receives MAC/SDN command | `-` | `ssb_burst_config?` | `BeamClass`, `c_ssb` | ssb_burst_config: listener here; senders ENV_MAC |\r\n| `BeamSearch -> BeamRecover` | receives MAC/SDN command | `-` | `recovery_cmd?` | `BeamClass`, `c_rec` | recovery_cmd: listener here; senders ENV_MAC |\r\n| `BeamSearch -> BeamHOAssist` | receives MAC/SDN command | `-` | `handover_assist_cmd?` | `BeamClass` | handover_assist_cmd: listener here; senders ENV_MAC |\r\n| `BeamSearchSeen -> BeamSearch` | receives MAC/SDN command | `-` | `beam_cmd?` | `BeamClass`, `c_ssb` | beam_cmd: listener here; senders ENV_MAC |\r\n| `BeamSearchSeen -> BeamSearch` | receives MAC/SDN command | `-` | `ssb_burst_config?` | `BeamClass`, `c_ssb` | ssb_burst_config: listener here; senders ENV_MAC |\r\n| `BeamSearchSeen -> BeamRecover` | receives MAC/SDN command | `-` | `recovery_cmd?` | `BeamClass`, `c_rec` | recovery_cmd: listener here; senders ENV_MAC |\r\n| `BeamSearchSeen -> BeamHOAssist` | receives MAC/SDN command | `-` | `handover_assist_cmd?` | `BeamClass` | handover_assist_cmd: listener here; senders ENV_MAC |\r\n| `BeamTrack -> BeamSearch` | receives MAC/SDN command | `-` | `beam_cmd?` | `BeamClass`, `c_ssb` | beam_cmd: listener here; senders ENV_MAC |\r\n| `BeamTrack -> BeamSearch` | receives MAC/SDN command | `-` | `ssb_burst_config?` | `BeamClass`, `c_ssb` | ssb_burst_config: listener here; senders ENV_MAC |\r\n| `BeamTrack -> BeamRecover` | receives MAC/SDN command | `-` | `recovery_cmd?` | `BeamClass`, `c_rec` | recovery_cmd: listener here; senders ENV_MAC |\r\n| `BeamTrack -> BeamHOAssist` | receives MAC/SDN command | `-` | `handover_assist_cmd?` | `BeamClass` | handover_assist_cmd: listener here; senders ENV_MAC |\r\n| `BeamLock -> BeamSearch` | receives MAC/SDN command | `-` | `beam_cmd?` | `BeamClass`, `c_ssb` | beam_cmd: listener here; senders ENV_MAC |\r\n| `BeamLock -> BeamSearch` | receives MAC/SDN command | `-` | `ssb_burst_config?` | `BeamClass`, `c_ssb` | ssb_burst_config: listener here; senders ENV_MAC |\r\n| `BeamLock -> BeamRecover` | receives MAC/SDN command | `-` | `recovery_cmd?` | `BeamClass`, `c_rec` | recovery_cmd: listener here; senders ENV_MAC |\r\n| `BeamLock -> BeamHOAssist` | receives MAC/SDN command | `-` | `handover_assist_cmd?` | `BeamClass` | handover_assist_cmd: listener here; senders ENV_MAC |\r\n| `BeamPredict -> BeamSearch` | receives MAC/SDN command | `-` | `beam_cmd?` | `BeamClass`, `c_ssb` | beam_cmd: listener here; senders ENV_MAC |\r\n| `BeamPredict -> BeamSearch` | receives MAC/SDN command | `-` | `ssb_burst_config?` | `BeamClass`, `c_ssb` | ssb_burst_config: listener here; senders ENV_MAC |\r\n| `BeamPredict -> BeamRecover` | receives MAC/SDN command | `-` | `recovery_cmd?` | `BeamClass`, `c_rec` | recovery_cmd: listener here; senders ENV_MAC |\r\n| `BeamPredict -> BeamHOAssist` | receives MAC/SDN command | `-` | `handover_assist_cmd?` | `BeamClass` | handover_assist_cmd: listener here; senders ENV_MAC |\r\n| `BeamMisalign -> BeamSearch` | receives MAC/SDN command | `-` | `beam_cmd?` | `BeamClass`, `c_ssb` | beam_cmd: listener here; senders ENV_MAC |\r\n| `BeamMisalign -> BeamSearch` | receives MAC/SDN command | `-` | `ssb_burst_config?` | `BeamClass`, `c_ssb` | ssb_burst_config: listener here; senders ENV_MAC |\r\n| `BeamMisalign -> BeamRecover` | receives MAC/SDN command | `-` | `recovery_cmd?` | `BeamClass`, `c_rec` | recovery_cmd: listener here; senders ENV_MAC |\r\n| `BeamMisalign -> BeamHOAssist` | receives MAC/SDN command | `-` | `handover_assist_cmd?` | `BeamClass` | handover_assist_cmd: listener here; senders ENV_MAC |\r\n| `BeamRecoveryStart -> BeamSearch` | receives MAC/SDN command | `-` | `beam_cmd?` | `BeamClass`, `c_ssb` | beam_cmd: listener here; senders ENV_MAC |\r\n| `BeamRecoveryStart -> BeamSearch` | receives MAC/SDN command | `-` | `ssb_burst_config?` | `BeamClass`, `c_ssb` | ssb_burst_config: listener here; senders ENV_MAC |\r\n| `BeamRecoveryStart -> BeamRecover` | receives MAC/SDN command | `-` | `recovery_cmd?` | `BeamClass`, `c_rec` | recovery_cmd: listener here; senders ENV_MAC |\r\n| `BeamRecoveryStart -> BeamHOAssist` | receives MAC/SDN command | `-` | `handover_assist_cmd?` | `BeamClass` | handover_assist_cmd: listener here; senders ENV_MAC |\r\n| `BeamRecover -> BeamSearch` | receives MAC/SDN command | `-` | `beam_cmd?` | `BeamClass`, `c_ssb` | beam_cmd: listener here; senders ENV_MAC |\r\n| `BeamRecover -> BeamSearch` | receives MAC/SDN command | `-` | `ssb_burst_config?` | `BeamClass`, `c_ssb` | ssb_burst_config: listener here; senders ENV_MAC |\r\n| `BeamRecover -> BeamRecover` | receives MAC/SDN command | `-` | `recovery_cmd?` | `BeamClass`, `c_rec` | recovery_cmd: listener here; senders ENV_MAC |\r\n| `BeamRecover -> BeamHOAssist` | receives MAC/SDN command | `-` | `handover_assist_cmd?` | `BeamClass` | handover_assist_cmd: listener here; senders ENV_MAC |\r\n| `BeamHOAssist -> BeamSearch` | receives MAC/SDN command | `-` | `beam_cmd?` | `BeamClass`, `c_ssb` | beam_cmd: listener here; senders ENV_MAC |\r\n| `BeamHOAssist -> BeamSearch` | receives MAC/SDN command | `-` | `ssb_burst_config?` | `BeamClass`, `c_ssb` | ssb_burst_config: listener here; senders ENV_MAC |\r\n| `BeamHOAssist -> BeamRecover` | receives MAC/SDN command | `-` | `recovery_cmd?` | `BeamClass`, `c_rec` | recovery_cmd: listener here; senders ENV_MAC |\r\n| `BeamHOAssist -> BeamHOAssist` | receives MAC/SDN command | `-` | `handover_assist_cmd?` | `BeamClass` | handover_assist_cmd: listener here; senders ENV_MAC |\r\n| `BeamFailed -> BeamSearch` | receives MAC/SDN command | `-` | `beam_cmd?` | `BeamClass`, `c_ssb` | beam_cmd: listener here; senders ENV_MAC |\r\n| `BeamFailed -> BeamSearch` | receives MAC/SDN command | `-` | `ssb_burst_config?` | `BeamClass`, `c_ssb` | ssb_burst_config: listener here; senders ENV_MAC |\r\n| `BeamFailed -> BeamRecover` | receives MAC/SDN command | `-` | `recovery_cmd?` | `BeamClass`, `c_rec` | recovery_cmd: listener here; senders ENV_MAC |\r\n| `BeamFailed -> BeamHOAssist` | receives MAC/SDN command | `-` | `handover_assist_cmd?` | `BeamClass` | handover_assist_cmd: listener here; senders ENV_MAC |\r\n| `ContractViolation_BM -> BeamSearch` | receives MAC/SDN command | `-` | `beam_cmd?` | `BeamClass`, `c_ssb` | beam_cmd: listener here; senders ENV_MAC |\r\n| `ContractViolation_BM -> BeamSearch` | receives MAC/SDN command | `-` | `ssb_burst_config?` | `BeamClass`, `c_ssb` | ssb_burst_config: listener here; senders ENV_MAC |\r\n| `ContractViolation_BM -> BeamRecover` | receives MAC/SDN command | `-` | `recovery_cmd?` | `BeamClass`, `c_rec` | recovery_cmd: listener here; senders ENV_MAC |\r\n| `ContractViolation_BM -> BeamHOAssist` | receives MAC/SDN command | `-` | `handover_assist_cmd?` | `BeamClass` | handover_assist_cmd: listener here; senders ENV_MAC |\r\n| `BeamSearch -> BeamSearchSeen` | synchronised branch | `-` | `target_detected?` | `target_seen` | target_detected: listener here; senders ENV_TARGET |\r\n| `BeamSearchSeen -> BeamTrack` | publishes report and commits classifier/aggregate state | `PRSClass != PRSCLASS_FAILED` | `beam_report!` | `BeamClass` | beam_report: sender here; listeners A_PH, A_SQ |\r\n| `BeamTrack -> BeamLock` | publishes report and commits classifier/aggregate state | `BeamErrorClass == BEAMERRORCLASS_LOCKABLE` | `beam_report!` | `BeamClass` | beam_report: sender here; listeners A_PH, A_SQ |\r\n| `BeamTrack -> BeamMisalign` | publishes report and commits classifier/aggregate state | `AccClass == ACCCLASS_FAILED \\|\\| BeamErrorClass == BEAMERRORCLASS_CRITICAL` | `beam_report!` | `BeamClass`, `beam_degraded_flag` | beam_report: sender here; listeners A_PH, A_SQ |\r\n| `BeamLock -> BeamLock` | publishes report and commits classifier/aggregate state | `MisClass == MISCLASS_OK` | `beam_report!` | `BeamClass` | beam_report: sender here; listeners A_PH, A_SQ |\r\n| `BeamLock -> BeamPredict` | publishes report and commits classifier/aggregate state | `MisClass == MISCLASS_WARN \\|\\| BlockageClass == BLOCKAGECLASS_SUSPECTED` | `beam_report!` | `BeamClass` | beam_report: sender here; listeners A_PH, A_SQ |\r\n| `BeamPredict -> BeamRecoveryStart` | receives MAC/SDN command | `-` | `extra_ssb_cmd?` | `c_rec` | extra_ssb_cmd: listener here; senders ENV_MAC |\r\n| `BeamRecoveryStart -> BeamRecover` | synchronised branch | `-` | `recovery_start!` | `BeamClass` | recovery_start: sender here; listeners ObsBeamRecovery |\r\n| `BeamMisalign -> BeamRecoveryStart` | synchronised branch | `-` | `beam_misaligned!` | `c_rec` | beam_misaligned: sender here; listeners - |\r\n| `BeamRecover -> BeamLock` | beam recovery outcome | `BeamErrorClass == BEAMERRORCLASS_LOCKABLE && c_rec <= D_BM` | `beam_restored!` | `BeamClass` | beam_restored: sender here; listeners ObsBeamRecovery |\r\n| `BeamRecover -> BeamHOAssist` | beam recovery outcome | `BlockageClass == BLOCKAGECLASS_CONFIRMED && c_rec <= D_BM` | `handover_hint!` | `BeamClass` | handover_hint: sender here; listeners ObsBeamRecovery |\r\n| `BeamRecover -> BeamFailed` | beam recovery outcome | `c_rec == D_BM && BeamErrorClass != BEAMERRORCLASS_LOCKABLE && BlockageClass != BLOCKAGECLASS_CONFIRMED` | `beam_failure!` | `BeamClass` | beam_failure: sender here; listeners ObsBeamRecovery |\r\n| `BeamHOAssist -> BeamTrack` | synchronised branch | `-` | `new_beam_confirmed?` | `BeamClass` | new_beam_confirmed: listener here; senders ENV_MAC |\r\n| `BeamSearch -> ContractViolation_BM` | contract/deadline failure path | `!ass_bm()` | `contract_violation_bm!` | - | contract_violation_bm: sender here; listeners - |\r\n| `BeamSearchSeen -> ContractViolation_BM` | contract/deadline failure path | `!ass_bm()` | `contract_violation_bm!` | - | contract_violation_bm: sender here; listeners - |\r\n| `BeamTrack -> ContractViolation_BM` | contract/deadline failure path | `!ass_bm()` | `contract_violation_bm!` | - | contract_violation_bm: sender here; listeners - |\r\n| `BeamLock -> ContractViolation_BM` | contract/deadline failure path | `!ass_bm()` | `contract_violation_bm!` | - | contract_violation_bm: sender here; listeners - |\r\n| `BeamPredict -> ContractViolation_BM` | contract/deadline failure path | `!ass_bm()` | `contract_violation_bm!` | - | contract_violation_bm: sender here; listeners - |\r\n| `BeamMisalign -> ContractViolation_BM` | contract/deadline failure path | `!ass_bm()` | `contract_violation_bm!` | - | contract_violation_bm: sender here; listeners - |\r\n| `BeamRecoveryStart -> ContractViolation_BM` | contract/deadline failure path | `!ass_bm()` | `contract_violation_bm!` | - | contract_violation_bm: sender here; listeners - |\r\n| `BeamRecover -> ContractViolation_BM` | contract/deadline failure path | `!ass_bm()` | `contract_violation_bm!` | - | contract_violation_bm: sender here; listeners - |\r\n| `BeamHOAssist -> ContractViolation_BM` | contract/deadline failure path | `!ass_bm()` | `contract_violation_bm!` | - | contract_violation_bm: sender here; listeners - |\r\n| `BeamFailed -> ContractViolation_BM` | contract/deadline failure path | `!ass_bm()` | `contract_violation_bm!` | - | contract_violation_bm: sender here; listeners - |\r\n\r\n## `A_SQ`\r\n\r\nSensing QoS classifier: aggregates child reports into finite sensing quality states.\r\n\r\n### Locations\r\n\r\n| Location | Meaning | Coordinates |\r\n|---|---|---|\r\n| `Idle` | baseline idle state | `0,0` |\r\n| `SensingEvaluating` | child report aggregation deadline window | `300,180` |\r\n| `SensingQoSOk` | sensing QoS nominal | `620,0` |\r\n| `ProbabilityLimited` | detection probability limited | `620,-240` |\r\n| `FalseAlarmLimited` | false alarm rate limited | `900,-240` |\r\n| `AccuracyLimited` | accuracy/resolution limited | `1180,-240` |\r\n| `FreshnessLimited` | freshness/AoS limited | `900,-480` |\r\n| `CoverageLimited` | coverage limited | `1180,-480` |\r\n| `CapacityLimited` | capacity/resource limited | `1460,-240` |\r\n| `SensingFailure` | sensing failure branch | `1460,-480` |\r\n| `ContractViolation_SQ` | contract violation sink on the right side | `1780,0` |\r\n\r\n### Transitions\r\n\r\n| Transition | Reason | Guard | Sync | Assignment writes | Sender / listeners |\r\n|---|---|---|---|---|---|\r\n| `Idle -> SensingEvaluating` | consumes child report | `-` | `channel_report?` | `c_sense`, `input_changed`, `sensing_report_pending` | channel_report: listener here; senders A_CH |\r\n| `Idle -> SensingEvaluating` | consumes child report | `-` | `signal_report?` | `c_sense`, `input_changed`, `sensing_report_pending` | signal_report: listener here; senders A_SIG |\r\n| `Idle -> SensingEvaluating` | consumes child report | `-` | `beam_report?` | `c_sense`, `input_changed`, `sensing_report_pending` | beam_report: listener here; senders A_BM |\r\n| `SensingEvaluating -> SensingQoSOk` | publishes report and commits classifier/aggregate state | `env_scenario == SCENARIO_NORMAL && c_sense <= D_sense` | `sensing_report!` | `SensingState`, `c_sense`, `sensing_degraded_flag`, `sensing_qos_ok`, `sensing_report_pending`, `sq_enabled_count` | sensing_report: sender here; listeners A_PH, ObsFreshness |\r\n| `SensingEvaluating -> SensingQoSOk` | publishes report and commits classifier/aggregate state | `env_scenario == SCENARIO_COMM_DEGRADED && c_sense <= D_sense` | `sensing_report!` | `SensingState`, `c_sense`, `sensing_degraded_flag`, `sensing_qos_ok`, `sensing_report_pending`, `sq_enabled_count` | sensing_report: sender here; listeners A_PH, ObsFreshness |\r\n| `SensingEvaluating -> FreshnessLimited` | publishes report and commits classifier/aggregate state | `env_scenario == SCENARIO_SENSING_DEGRADED && c_sense <= D_sense` | `sensing_report!` | `SensingState`, `c_sense`, `sensing_degraded_flag`, `sensing_qos_ok`, `sensing_report_pending`, `sq_enabled_count` | sensing_report: sender here; listeners A_PH, ObsFreshness |\r\n| `SensingEvaluating -> SensingFailure` | publishes report and commits classifier/aggregate state | `env_scenario == SCENARIO_JOINT_DEGRADED && c_sense <= D_sense` | `sensing_report!` | `SensingState`, `c_sense`, `sensing_failure_flag`, `sensing_qos_ok`, `sensing_report_pending`, `sq_enabled_count` | sensing_report: sender here; listeners A_PH, ObsFreshness |\r\n| `ProbabilityLimited -> ProbabilityLimited` | event self-loop | `-` | `sensing_degraded!` | - | sensing_degraded: sender here; listeners ObsSenseReport |\r\n| `FalseAlarmLimited -> FalseAlarmLimited` | event self-loop | `-` | `sensing_degraded!` | - | sensing_degraded: sender here; listeners ObsSenseReport |\r\n| `AccuracyLimited -> AccuracyLimited` | event self-loop | `-` | `sensing_degraded!` | - | sensing_degraded: sender here; listeners ObsSenseReport |\r\n| `FreshnessLimited -> FreshnessLimited` | event self-loop | `-` | `sensing_degraded!` | - | sensing_degraded: sender here; listeners ObsSenseReport |\r\n| `CoverageLimited -> CoverageLimited` | event self-loop | `-` | `sensing_degraded!` | - | sensing_degraded: sender here; listeners ObsSenseReport |\r\n| `CapacityLimited -> CapacityLimited` | event self-loop | `-` | `sensing_degraded!` | - | sensing_degraded: sender here; listeners ObsSenseReport |\r\n| `SensingFailure -> SensingFailure` | event self-loop | `-` | `sensing_failure!` | - | sensing_failure: sender here; listeners - |\r\n| `Idle -> ContractViolation_SQ` | contract/deadline failure path | `!ass_sq()` | `contract_violation_sq!` | - | contract_violation_sq: sender here; listeners - |\r\n| `SensingEvaluating -> ContractViolation_SQ` | contract/deadline failure path | `!ass_sq()` | `contract_violation_sq!` | - | contract_violation_sq: sender here; listeners - |\r\n| `SensingQoSOk -> ContractViolation_SQ` | contract/deadline failure path | `!ass_sq()` | `contract_violation_sq!` | - | contract_violation_sq: sender here; listeners - |\r\n| `ProbabilityLimited -> ContractViolation_SQ` | contract/deadline failure path | `!ass_sq()` | `contract_violation_sq!` | - | contract_violation_sq: sender here; listeners - |\r\n| `FalseAlarmLimited -> ContractViolation_SQ` | contract/deadline failure path | `!ass_sq()` | `contract_violation_sq!` | - | contract_violation_sq: sender here; listeners - |\r\n| `AccuracyLimited -> ContractViolation_SQ` | contract/deadline failure path | `!ass_sq()` | `contract_violation_sq!` | - | contract_violation_sq: sender here; listeners - |\r\n| `FreshnessLimited -> ContractViolation_SQ` | contract/deadline failure path | `!ass_sq()` | `contract_violation_sq!` | - | contract_violation_sq: sender here; listeners - |\r\n| `CoverageLimited -> ContractViolation_SQ` | contract/deadline failure path | `!ass_sq()` | `contract_violation_sq!` | - | contract_violation_sq: sender here; listeners - |\r\n| `CapacityLimited -> ContractViolation_SQ` | contract/deadline failure path | `!ass_sq()` | `contract_violation_sq!` | - | contract_violation_sq: sender here; listeners - |\r\n| `SensingFailure -> ContractViolation_SQ` | contract/deadline failure path | `!ass_sq()` | `contract_violation_sq!` | - | contract_violation_sq: sender here; listeners - |\r\n\r\n## `A_PH`\r\n\r\nAggregate PHY state: collects child reports and emits PHY KPI/failure/degradation state.\r\n\r\n### Locations\r\n\r\n| Location | Meaning | Coordinates |\r\n|---|---|---|\r\n| `PHYNormal` | aggregate PHY is normal | `0,0` |\r\n| `PHYCommunicationDegraded` | aggregate communication degradation | `660,-240` |\r\n| `PHYSensingDegraded` | aggregate sensing degradation | `660,-40` |\r\n| `PHYJointDegraded` | joint communication+sensing degradation | `940,-420` |\r\n| `PHYKpiReporting` | aggregate report deadline window | `320,200` |\r\n| `PHYRecovery` | aggregate recovery service path | `660,260` |\r\n| `PHYFailure` | aggregate PHY failure branch | `1220,-300` |\r\n| `ContractViolation_PH` | contract violation sink on the right side | `1520,0` |\r\n\r\n### Transitions\r\n\r\n| Transition | Reason | Guard | Sync | Assignment writes | Sender / listeners |\r\n|---|---|---|---|---|---|\r\n| `PHYNormal -> PHYKpiReporting` | consumes child report | `-` | `channel_report?` | `c_report`, `child_update`, `phy_kpi_report_pending` | channel_report: listener here; senders A_CH |\r\n| `PHYNormal -> PHYKpiReporting` | consumes child report | `-` | `signal_report?` | `c_report`, `child_update`, `phy_kpi_report_pending` | signal_report: listener here; senders A_SIG |\r\n| `PHYNormal -> PHYKpiReporting` | consumes child report | `-` | `beam_report?` | `c_report`, `child_update`, `phy_kpi_report_pending` | beam_report: listener here; senders A_BM |\r\n| `PHYNormal -> PHYKpiReporting` | consumes child report | `-` | `sensing_report?` | `c_report`, `child_update`, `phy_kpi_report_pending` | sensing_report: listener here; senders A_SQ |\r\n| `PHYNormal -> PHYNormal` | event self-loop | `-` | `mac_report_delivered?` | - | mac_report_delivered: listener here; senders ENV_NET |\r\n| `PHYNormal -> PHYNormal` | event self-loop | `-` | `controller_report_delivered?` | - | controller_report_delivered: listener here; senders ENV_NET |\r\n| `PHYNormal -> PHYRecovery` | receives MAC/SDN command | `-` | `recovery_cmd?` | `PHYState` | recovery_cmd: listener here; senders ENV_MAC |\r\n| `PHYCommunicationDegraded -> PHYKpiReporting` | consumes child report | `-` | `channel_report?` | `c_report`, `child_update`, `phy_kpi_report_pending` | channel_report: listener here; senders A_CH |\r\n| `PHYCommunicationDegraded -> PHYKpiReporting` | consumes child report | `-` | `signal_report?` | `c_report`, `child_update`, `phy_kpi_report_pending` | signal_report: listener here; senders A_SIG |\r\n| `PHYCommunicationDegraded -> PHYKpiReporting` | consumes child report | `-` | `beam_report?` | `c_report`, `child_update`, `phy_kpi_report_pending` | beam_report: listener here; senders A_BM |\r\n| `PHYCommunicationDegraded -> PHYKpiReporting` | consumes child report | `-` | `sensing_report?` | `c_report`, `child_update`, `phy_kpi_report_pending` | sensing_report: listener here; senders A_SQ |\r\n| `PHYCommunicationDegraded -> PHYCommunicationDegraded` | event self-loop | `-` | `mac_report_delivered?` | - | mac_report_delivered: listener here; senders ENV_NET |\r\n| `PHYCommunicationDegraded -> PHYCommunicationDegraded` | event self-loop | `-` | `controller_report_delivered?` | - | controller_report_delivered: listener here; senders ENV_NET |\r\n| `PHYCommunicationDegraded -> PHYRecovery` | receives MAC/SDN command | `-` | `recovery_cmd?` | `PHYState` | recovery_cmd: listener here; senders ENV_MAC |\r\n| `PHYSensingDegraded -> PHYKpiReporting` | consumes child report | `-` | `channel_report?` | `c_report`, `child_update`, `phy_kpi_report_pending` | channel_report: listener here; senders A_CH |\r\n| `PHYSensingDegraded -> PHYKpiReporting` | consumes child report | `-` | `signal_report?` | `c_report`, `child_update`, `phy_kpi_report_pending` | signal_report: listener here; senders A_SIG |\r\n| `PHYSensingDegraded -> PHYKpiReporting` | consumes child report | `-` | `beam_report?` | `c_report`, `child_update`, `phy_kpi_report_pending` | beam_report: listener here; senders A_BM |\r\n| `PHYSensingDegraded -> PHYKpiReporting` | consumes child report | `-` | `sensing_report?` | `c_report`, `child_update`, `phy_kpi_report_pending` | sensing_report: listener here; senders A_SQ |\r\n| `PHYSensingDegraded -> PHYSensingDegraded` | event self-loop | `-` | `mac_report_delivered?` | - | mac_report_delivered: listener here; senders ENV_NET |\r\n| `PHYSensingDegraded -> PHYSensingDegraded` | event self-loop | `-` | `controller_report_delivered?` | - | controller_report_delivered: listener here; senders ENV_NET |\r\n| `PHYSensingDegraded -> PHYRecovery` | receives MAC/SDN command | `-` | `recovery_cmd?` | `PHYState` | recovery_cmd: listener here; senders ENV_MAC |\r\n| `PHYJointDegraded -> PHYKpiReporting` | consumes child report | `-` | `channel_report?` | `c_report`, `child_update`, `phy_kpi_report_pending` | channel_report: listener here; senders A_CH |\r\n| `PHYJointDegraded -> PHYKpiReporting` | consumes child report | `-` | `signal_report?` | `c_report`, `child_update`, `phy_kpi_report_pending` | signal_report: listener here; senders A_SIG |\r\n| `PHYJointDegraded -> PHYKpiReporting` | consumes child report | `-` | `beam_report?` | `c_report`, `child_update`, `phy_kpi_report_pending` | beam_report: listener here; senders A_BM |\r\n| `PHYJointDegraded -> PHYKpiReporting` | consumes child report | `-` | `sensing_report?` | `c_report`, `child_update`, `phy_kpi_report_pending` | sensing_report: listener here; senders A_SQ |\r\n| `PHYJointDegraded -> PHYJointDegraded` | event self-loop | `-` | `mac_report_delivered?` | - | mac_report_delivered: listener here; senders ENV_NET |\r\n| `PHYJointDegraded -> PHYJointDegraded` | event self-loop | `-` | `controller_report_delivered?` | - | controller_report_delivered: listener here; senders ENV_NET |\r\n| `PHYJointDegraded -> PHYRecovery` | receives MAC/SDN command | `-` | `recovery_cmd?` | `PHYState` | recovery_cmd: listener here; senders ENV_MAC |\r\n| `PHYKpiReporting -> PHYKpiReporting` | consumes child report | `-` | `channel_report?` | `c_report`, `child_update`, `phy_kpi_report_pending` | channel_report: listener here; senders A_CH |\r\n| `PHYKpiReporting -> PHYKpiReporting` | consumes child report | `-` | `signal_report?` | `c_report`, `child_update`, `phy_kpi_report_pending` | signal_report: listener here; senders A_SIG |\r\n| `PHYKpiReporting -> PHYKpiReporting` | consumes child report | `-` | `beam_report?` | `c_report`, `child_update`, `phy_kpi_report_pending` | beam_report: listener here; senders A_BM |\r\n| `PHYKpiReporting -> PHYKpiReporting` | consumes child report | `-` | `sensing_report?` | `c_report`, `child_update`, `phy_kpi_report_pending` | sensing_report: listener here; senders A_SQ |\r\n| `PHYKpiReporting -> PHYKpiReporting` | event self-loop | `-` | `mac_report_delivered?` | - | mac_report_delivered: listener here; senders ENV_NET |\r\n| `PHYKpiReporting -> PHYKpiReporting` | event self-loop | `-` | `controller_report_delivered?` | - | controller_report_delivered: listener here; senders ENV_NET |\r\n| `PHYKpiReporting -> PHYRecovery` | receives MAC/SDN command | `-` | `recovery_cmd?` | `PHYState` | recovery_cmd: listener here; senders ENV_MAC |\r\n| `PHYRecovery -> PHYKpiReporting` | consumes child report | `-` | `channel_report?` | `c_report`, `child_update`, `phy_kpi_report_pending` | channel_report: listener here; senders A_CH |\r\n| `PHYRecovery -> PHYKpiReporting` | consumes child report | `-` | `signal_report?` | `c_report`, `child_update`, `phy_kpi_report_pending` | signal_report: listener here; senders A_SIG |\r\n| `PHYRecovery -> PHYKpiReporting` | consumes child report | `-` | `beam_report?` | `c_report`, `child_update`, `phy_kpi_report_pending` | beam_report: listener here; senders A_BM |\r\n| `PHYRecovery -> PHYKpiReporting` | consumes child report | `-` | `sensing_report?` | `c_report`, `child_update`, `phy_kpi_report_pending` | sensing_report: listener here; senders A_SQ |\r\n| `PHYRecovery -> PHYRecovery` | event self-loop | `-` | `mac_report_delivered?` | - | mac_report_delivered: listener here; senders ENV_NET |\r\n| `PHYRecovery -> PHYRecovery` | event self-loop | `-` | `controller_report_delivered?` | - | controller_report_delivered: listener here; senders ENV_NET |\r\n| `PHYRecovery -> PHYRecovery` | receives MAC/SDN command | `-` | `recovery_cmd?` | `PHYState` | recovery_cmd: listener here; senders ENV_MAC |\r\n| `PHYFailure -> PHYKpiReporting` | consumes child report | `-` | `channel_report?` | `c_report`, `child_update`, `phy_kpi_report_pending` | channel_report: listener here; senders A_CH |\r\n| `PHYFailure -> PHYKpiReporting` | consumes child report | `-` | `signal_report?` | `c_report`, `child_update`, `phy_kpi_report_pending` | signal_report: listener here; senders A_SIG |\r\n| `PHYFailure -> PHYKpiReporting` | consumes child report | `-` | `beam_report?` | `c_report`, `child_update`, `phy_kpi_report_pending` | beam_report: listener here; senders A_BM |\r\n| `PHYFailure -> PHYKpiReporting` | consumes child report | `-` | `sensing_report?` | `c_report`, `child_update`, `phy_kpi_report_pending` | sensing_report: listener here; senders A_SQ |\r\n| `PHYFailure -> PHYFailure` | event self-loop | `-` | `mac_report_delivered?` | - | mac_report_delivered: listener here; senders ENV_NET |\r\n| `PHYFailure -> PHYFailure` | event self-loop | `-` | `controller_report_delivered?` | - | controller_report_delivered: listener here; senders ENV_NET |\r\n| `PHYFailure -> PHYRecovery` | receives MAC/SDN command | `-` | `recovery_cmd?` | `PHYState` | recovery_cmd: listener here; senders ENV_MAC |\r\n| `ContractViolation_PH -> PHYKpiReporting` | consumes child report | `-` | `channel_report?` | `c_report`, `child_update`, `phy_kpi_report_pending` | channel_report: listener here; senders A_CH |\r\n| `ContractViolation_PH -> PHYKpiReporting` | consumes child report | `-` | `signal_report?` | `c_report`, `child_update`, `phy_kpi_report_pending` | signal_report: listener here; senders A_SIG |\r\n| `ContractViolation_PH -> PHYKpiReporting` | consumes child report | `-` | `beam_report?` | `c_report`, `child_update`, `phy_kpi_report_pending` | beam_report: listener here; senders A_BM |\r\n| `ContractViolation_PH -> PHYKpiReporting` | consumes child report | `-` | `sensing_report?` | `c_report`, `child_update`, `phy_kpi_report_pending` | sensing_report: listener here; senders A_SQ |\r\n| `ContractViolation_PH -> ContractViolation_PH` | contract/deadline failure path | `-` | `mac_report_delivered?` | - | mac_report_delivered: listener here; senders ENV_NET |\r\n| `ContractViolation_PH -> ContractViolation_PH` | contract/deadline failure path | `-` | `controller_report_delivered?` | - | controller_report_delivered: listener here; senders ENV_NET |\r\n| `ContractViolation_PH -> PHYRecovery` | receives MAC/SDN command | `-` | `recovery_cmd?` | `PHYState` | recovery_cmd: listener here; senders ENV_MAC |\r\n| `PHYKpiReporting -> PHYNormal` | publishes report and commits classifier/aggregate state | `env_scenario == SCENARIO_NORMAL && c_report <= D_report` | `phy_kpi_report!` | `PHYState`, `c_report`, `comm_ok`, `degradation_flag`, `phy_kpi_report_pending`, `sensing_qos_ok` | phy_kpi_report: sender here; listeners ObsSenseReport |\r\n| `PHYKpiReporting -> PHYCommunicationDegraded` | publishes report and commits classifier/aggregate state | `env_scenario == SCENARIO_COMM_DEGRADED && c_report <= D_report` | `phy_kpi_report!` | `PHYState`, `c_report`, `comm_ok`, `degradation_flag`, `phy_kpi_report_pending`, `sensing_qos_ok` | phy_kpi_report: sender here; listeners ObsSenseReport |\r\n| `PHYKpiReporting -> PHYSensingDegraded` | publishes report and commits classifier/aggregate state | `env_scenario == SCENARIO_SENSING_DEGRADED && c_report <= D_report` | `phy_kpi_report!` | `PHYState`, `c_report`, `comm_ok`, `degradation_flag`, `phy_kpi_report_pending`, `sensing_qos_ok` | phy_kpi_report: sender here; listeners ObsSenseReport |\r\n| `PHYKpiReporting -> PHYJointDegraded` | publishes report and commits classifier/aggregate state | `env_scenario == SCENARIO_JOINT_DEGRADED && c_report <= D_report` | `phy_kpi_report!` | `PHYState`, `c_report`, `comm_ok`, `degradation_flag`, `phy_kpi_report_pending`, `sensing_qos_ok` | phy_kpi_report: sender here; listeners ObsSenseReport |\r\n| `PHYKpiReporting -> PHYFailure` | guarded classification branch | `ChannelClass == CHANNELCLASS_OUTAGE \\|\\| BeamClass == BEAMCLASS_FAILED \\|\\| SensingState == SENSINGSTATE_SENSINGFAILURE` | `phy_failure!` | `PHYState` | phy_failure: sender here; listeners - |\r\n| `PHYCommunicationDegraded -> PHYCommunicationDegraded` | event self-loop | `-` | `degradation_event!` | - | degradation_event: sender here; listeners - |\r\n| `PHYSensingDegraded -> PHYSensingDegraded` | event self-loop | `-` | `degradation_event!` | - | degradation_event: sender here; listeners - |\r\n| `PHYJointDegraded -> PHYJointDegraded` | event self-loop | `-` | `degradation_event!` | - | degradation_event: sender here; listeners - |\r\n| `PHYNormal -> ContractViolation_PH` | contract/deadline failure path | `!ass_ph()` | `contract_violation_ph!` | - | contract_violation_ph: sender here; listeners - |\r\n| `PHYCommunicationDegraded -> ContractViolation_PH` | contract/deadline failure path | `!ass_ph()` | `contract_violation_ph!` | - | contract_violation_ph: sender here; listeners - |\r\n| `PHYSensingDegraded -> ContractViolation_PH` | contract/deadline failure path | `!ass_ph()` | `contract_violation_ph!` | - | contract_violation_ph: sender here; listeners - |\r\n| `PHYJointDegraded -> ContractViolation_PH` | contract/deadline failure path | `!ass_ph()` | `contract_violation_ph!` | - | contract_violation_ph: sender here; listeners - |\r\n| `PHYKpiReporting -> ContractViolation_PH` | contract/deadline failure path | `!ass_ph()` | `contract_violation_ph!` | - | contract_violation_ph: sender here; listeners - |\r\n| `PHYRecovery -> ContractViolation_PH` | contract/deadline failure path | `!ass_ph()` | `contract_violation_ph!` | - | contract_violation_ph: sender here; listeners - |\r\n| `PHYFailure -> ContractViolation_PH` | contract/deadline failure path | `!ass_ph()` | `contract_violation_ph!` | - | contract_violation_ph: sender here; listeners - |\r\n\r\n## `ENV_CH`\r\n\r\nEnvironment stimulus loop for measurement ticks and finite channel/sensing classes.\r\n\r\n### Locations\r\n\r\n| Location | Meaning | Coordinates |\r\n|---|---|---|\r\n| `TickWait` | environment measurement tick loop | `0,0` |\r\n\r\n### Transitions\r\n\r\n| Transition | Reason | Guard | Sync | Assignment writes | Sender / listeners |\r\n|---|---|---|---|---|---|\r\n| `TickWait -> TickWait` | event self-loop | `-` | `measure_tick!` | `AoSClass`, `IClass`, `PdClass`, `PowerClass`, `RfaClass`, `SINRClass`, `TimingOk`, `c_env`, `env_scenario` | measure_tick: sender here; listeners A_CH |\r\n| `TickWait -> TickWait` | event self-loop | `-` | `measure_tick!` | `AoSClass`, `IClass`, `PdClass`, `PowerClass`, `RfaClass`, `SINRClass`, `TimingOk`, `c_env`, `env_scenario` | measure_tick: sender here; listeners A_CH |\r\n| `TickWait -> TickWait` | event self-loop | `-` | `measure_tick!` | `AoSClass`, `IClass`, `PdClass`, `PowerClass`, `RfaClass`, `SINRClass`, `TimingOk`, `c_env`, `env_scenario` | measure_tick: sender here; listeners A_CH |\r\n| `TickWait -> TickWait` | event self-loop | `-` | `measure_tick!` | `AoSClass`, `IClass`, `PdClass`, `PowerClass`, `RfaClass`, `SINRClass`, `TimingOk`, `c_env`, `env_scenario` | measure_tick: sender here; listeners A_CH |\r\n| `TickWait -> TickWait` | internal/environment branch | `-` | `-` | - | - |\r\n\r\n## `ENV_TARGET`\r\n\r\nEnvironment stimulus loop for target detection and blockage classes.\r\n\r\n### Locations\r\n\r\n| Location | Meaning | Coordinates |\r\n|---|---|---|\r\n| `TargetWait` | environment target/blockage stimulus loop | `0,0` |\r\n\r\n### Transitions\r\n\r\n| Transition | Reason | Guard | Sync | Assignment writes | Sender / listeners |\r\n|---|---|---|---|---|---|\r\n| `TargetWait -> TargetWait` | event self-loop | `-` | `target_detected!` | `BeamErrorClass`, `BlockageClass`, `PRSClass` | target_detected: sender here; listeners A_BM |\r\n| `TargetWait -> TargetWait` | internal/environment branch | `-` | `-` | `BlockageClass` | - |\r\n\r\n## `ENV_MAC`\r\n\r\nEnvironment stimulus loop for MAC/SDN configuration commands.\r\n\r\n### Locations\r\n\r\n| Location | Meaning | Coordinates |\r\n|---|---|---|\r\n| `ConfigWait` | environment MAC/SDN command loop | `0,0` |\r\n\r\n### Transitions\r\n\r\n| Transition | Reason | Guard | Sync | Assignment writes | Sender / listeners |\r\n|---|---|---|---|---|---|\r\n| `ConfigWait -> ConfigWait` | event self-loop | `-` | `pilot_config!` | `BeamCmdAdmissible`, `ConfigAdmissible` | pilot_config: sender here; listeners A_SIG |\r\n| `ConfigWait -> ConfigWait` | event self-loop | `-` | `prs_config!` | `BeamCmdAdmissible`, `ConfigAdmissible` | prs_config: sender here; listeners A_SIG |\r\n| `ConfigWait -> ConfigWait` | event self-loop | `-` | `ssb_burst_config!` | `BeamCmdAdmissible`, `ConfigAdmissible` | ssb_burst_config: sender here; listeners A_BM |\r\n| `ConfigWait -> ConfigWait` | event self-loop | `-` | `waveform_config!` | `BeamCmdAdmissible`, `ConfigAdmissible` | waveform_config: sender here; listeners A_SIG |\r\n| `ConfigWait -> ConfigWait` | event self-loop | `-` | `payload_sensing_config!` | `BeamCmdAdmissible`, `ConfigAdmissible` | payload_sensing_config: sender here; listeners A_SIG |\r\n| `ConfigWait -> ConfigWait` | event self-loop | `-` | `beam_cmd!` | `BeamCmdAdmissible`, `ConfigAdmissible` | beam_cmd: sender here; listeners A_BM |\r\n| `ConfigWait -> ConfigWait` | event self-loop | `-` | `extra_ssb_cmd!` | `BeamCmdAdmissible`, `ConfigAdmissible` | extra_ssb_cmd: sender here; listeners A_BM |\r\n| `ConfigWait -> ConfigWait` | event self-loop | `-` | `handover_assist_cmd!` | `BeamCmdAdmissible`, `ConfigAdmissible` | handover_assist_cmd: sender here; listeners A_BM |\r\n| `ConfigWait -> ConfigWait` | event self-loop | `-` | `power_cmd!` | `BeamCmdAdmissible`, `ConfigAdmissible` | power_cmd: sender here; listeners A_CH |\r\n| `ConfigWait -> ConfigWait` | event self-loop | `-` | `sensing_mode_cmd!` | `BeamCmdAdmissible`, `ConfigAdmissible` | sensing_mode_cmd: sender here; listeners A_SIG |\r\n| `ConfigWait -> ConfigWait` | event self-loop | `-` | `new_beam_confirmed!` | `BeamCmdAdmissible`, `ConfigAdmissible` | new_beam_confirmed: sender here; listeners A_BM |\r\n| `ConfigWait -> ConfigWait` | event self-loop | `-` | `recovery_cmd!` | `BeamCmdAdmissible`, `ConfigAdmissible` | recovery_cmd: sender here; listeners A_BM, A_PH |\r\n| `ConfigWait -> ConfigWait` | internal/environment branch | `-` | `-` | - | - |\r\n\r\n## `ENV_NET`\r\n\r\nEnvironment stimulus loop for network/controller delivery and freshness expiry.\r\n\r\n### Locations\r\n\r\n| Location | Meaning | Coordinates |\r\n|---|---|---|\r\n| `DeliveryWait` | environment delivery/freshness loop | `0,0` |\r\n\r\n### Transitions\r\n\r\n| Transition | Reason | Guard | Sync | Assignment writes | Sender / listeners |\r\n|---|---|---|---|---|---|\r\n| `DeliveryWait -> DeliveryWait` | event self-loop | `-` | `mac_report_delivered!` | `NetDeliveryOk`, `c_net` | mac_report_delivered: sender here; listeners A_PH |\r\n| `DeliveryWait -> DeliveryWait` | event self-loop | `-` | `controller_report_delivered!` | `NetDeliveryOk`, `aos_ctrl`, `c_net` | controller_report_delivered: sender here; listeners A_PH |\r\n| `DeliveryWait -> DeliveryWait` | event self-loop | `-` | `aos_ctrl_expired!` | - | aos_ctrl_expired: sender here; listeners ObsFreshness |\r\n| `DeliveryWait -> DeliveryWait` | internal/environment branch | `-` | `-` | - | - |\r\n\r\n## `ObsSenseReport`\r\n\r\nBounded-response observer: trigger, wait, response-satisfied edge, violation edge.\r\n\r\n### Locations\r\n\r\n| Location | Meaning | Coordinates |\r\n|---|---|---|\r\n| `Idle` | baseline idle state | `0,0` |\r\n| `Wait` | observer waiting for bounded response | `300,0` |\r\n| `Violation` | observer deadline violation | `620,-220` |\r\n\r\n### Transitions\r\n\r\n| Transition | Reason | Guard | Sync | Assignment writes | Sender / listeners |\r\n|---|---|---|---|---|---|\r\n| `Idle -> Wait` | synchronised branch | `-` | `sensing_degraded?` | `c_obs_sense` | sensing_degraded: listener here; senders A_SQ |\r\n| `Wait -> Idle` | consumes child report | `c_obs_sense <= D_report` | `phy_kpi_report?` | - | phy_kpi_report: listener here; senders A_PH |\r\n| `Wait -> Violation` | contract/deadline failure path | `c_obs_sense > D_report` | `-` | - | - |\r\n\r\n## `ObsFreshness`\r\n\r\nBounded-response observer: trigger, wait, response-satisfied edge, violation edge.\r\n\r\n### Locations\r\n\r\n| Location | Meaning | Coordinates |\r\n|---|---|---|\r\n| `Idle` | baseline idle state | `0,0` |\r\n| `Wait` | observer waiting for bounded response | `300,0` |\r\n| `Violation` | observer deadline violation | `620,-220` |\r\n\r\n### Transitions\r\n\r\n| Transition | Reason | Guard | Sync | Assignment writes | Sender / listeners |\r\n|---|---|---|---|---|---|\r\n| `Idle -> Wait` | synchronised branch | `-` | `aos_ctrl_expired?` | `c_obs_fresh` | aos_ctrl_expired: listener here; senders ENV_NET |\r\n| `Wait -> Idle` | consumes child report | `c_obs_fresh <= D_sense && SensingState == SENSINGSTATE_FRESHNESSLIMITED` | `sensing_report?` | - | sensing_report: listener here; senders A_SQ |\r\n| `Wait -> Violation` | contract/deadline failure path | `c_obs_fresh > D_sense` | `-` | - | - |\r\n\r\n## `ObsBeamRecovery`\r\n\r\nBounded-response observer: trigger, wait, response-satisfied edge, violation edge.\r\n\r\n### Locations\r\n\r\n| Location | Meaning | Coordinates |\r\n|---|---|---|\r\n| `Idle` | baseline idle state | `0,0` |\r\n| `Wait` | observer waiting for bounded response | `300,0` |\r\n| `Violation` | observer deadline violation | `620,-220` |\r\n\r\n### Transitions\r\n\r\n| Transition | Reason | Guard | Sync | Assignment writes | Sender / listeners |\r\n|---|---|---|---|---|---|\r\n| `Idle -> Wait` | synchronised branch | `-` | `recovery_start?` | `c_obs_beam` | recovery_start: listener here; senders A_BM |\r\n| `Wait -> Idle` | guarded classification branch | `c_obs_beam <= D_BM` | `beam_restored?` | - | beam_restored: listener here; senders A_BM |\r\n| `Wait -> Idle` | guarded classification branch | `c_obs_beam <= D_BM` | `handover_hint?` | - | handover_hint: listener here; senders A_BM |\r\n| `Wait -> Idle` | guarded classification branch | `c_obs_beam <= D_BM` | `beam_failure?` | - | beam_failure: listener here; senders A_BM |\r\n| `Wait -> Violation` | contract/deadline failure path | `c_obs_beam > D_BM` | `-` | - | - |\r\n', 'channels_map.md': b'# PHY Channels Map\r\n\r\n| Channel | Semantics | Declaration | Emits | Listens | Contract role |\r\n|---|---|---|---|---|---|\r\n| `aos_ctrl_expired` | broadcast event/alert | `broadcast` | `ENV_NET` | `ObsFreshness` | diagnostic/degradation/recovery event |\r\n| `beam_failure` | broadcast event/alert | `broadcast` | `A_BM` | `ObsBeamRecovery` | diagnostic/degradation/recovery event |\r\n| `beam_locked` | broadcast event | `broadcast` | - | - | diagnostic/degradation/recovery event |\r\n| `beam_misaligned` | broadcast event | `broadcast` | `A_BM` | - | diagnostic/degradation/recovery event |\r\n| `beam_report` | broadcast report | `broadcast` | `A_BM` | `A_PH`, `A_SQ` | report notification |\r\n| `beam_restored` | broadcast event | `broadcast` | `A_BM` | `ObsBeamRecovery` | diagnostic/degradation/recovery event |\r\n| `blockage_detected` | broadcast event | `broadcast` | `A_CH` | - | diagnostic/degradation/recovery event |\r\n| `channel_degraded` | broadcast event/alert | `broadcast` | `A_CH` | - | diagnostic/degradation/recovery event |\r\n| `channel_report` | broadcast report | `broadcast` | `A_CH` | `A_PH`, `A_SQ` | report notification |\r\n| `contract_violation_bm` | broadcast event/alert | `broadcast` | `A_BM` | - | diagnostic/degradation/recovery event |\r\n| `contract_violation_ch` | broadcast event/alert | `broadcast` | `A_CH` | - | diagnostic/degradation/recovery event |\r\n| `contract_violation_ph` | broadcast event/alert | `broadcast` | `A_PH` | - | diagnostic/degradation/recovery event |\r\n| `contract_violation_sig` | broadcast event/alert | `broadcast` | `A_SIG` | - | diagnostic/degradation/recovery event |\r\n| `contract_violation_sq` | broadcast event/alert | `broadcast` | `A_SQ` | - | diagnostic/degradation/recovery event |\r\n| `degradation_event` | broadcast event | `broadcast` | `A_PH` | - | diagnostic/degradation/recovery event |\r\n| `handover_hint` | broadcast event | `broadcast` | `A_BM` | `ObsBeamRecovery` | diagnostic/degradation/recovery event |\r\n| `mobility_alert` | broadcast event/alert | `broadcast` | `A_CH` | - | diagnostic/degradation/recovery event |\r\n| `multipath_alert` | broadcast event/alert | `broadcast` | `A_CH` | - | diagnostic/degradation/recovery event |\r\n| `phy_failure` | broadcast event/alert | `broadcast` | `A_PH` | - | diagnostic/degradation/recovery event |\r\n| `phy_kpi_report` | broadcast report | `broadcast` | `A_PH` | `ObsSenseReport` | report notification |\r\n| `phy_outage` | broadcast event/alert | `broadcast` | `A_CH` | - | diagnostic/degradation/recovery event |\r\n| `recovery_event` | broadcast event | `broadcast` | - | - | diagnostic/degradation/recovery event |\r\n| `recovery_start` | broadcast event | `broadcast` | `A_BM` | `ObsBeamRecovery` | diagnostic/degradation/recovery event |\r\n| `sensing_degraded` | broadcast event/alert | `broadcast` | `A_SQ` | `ObsSenseReport` | diagnostic/degradation/recovery event |\r\n| `sensing_failure` | broadcast event/alert | `broadcast` | `A_SQ` | - | diagnostic/degradation/recovery event |\r\n| `sensing_report` | broadcast report | `broadcast` | `A_SQ` | `A_PH`, `ObsFreshness` | report notification |\r\n| `sensing_success` | broadcast event | `broadcast` | - | - | diagnostic/degradation/recovery event |\r\n| `signal_degraded` | broadcast event/alert | `broadcast` | `A_SIG` | - | diagnostic/degradation/recovery event |\r\n| `signal_report` | broadcast report | `broadcast` | `A_SIG` | `A_PH`, `A_SQ` | report notification |\r\n| `target_detected` | broadcast event | `broadcast` | `ENV_TARGET` | `A_BM` | diagnostic/degradation/recovery event |\r\n| `beam_cmd` | handshake command | `handshake` | `ENV_MAC` | `A_BM` | environment/MAC/SDN command |\r\n| `controller_report_delivered` | handshake command | `handshake` | `ENV_NET` | `A_PH` | environment/MAC/SDN command |\r\n| `extra_ssb_cmd` | handshake command | `handshake` | `ENV_MAC` | `A_BM` | environment/MAC/SDN command |\r\n| `handover_assist_cmd` | handshake command | `handshake` | `ENV_MAC` | `A_BM` | environment/MAC/SDN command |\r\n| `mac_report_delivered` | handshake command | `handshake` | `ENV_NET` | `A_PH` | environment/MAC/SDN command |\r\n| `measure_tick` | handshake command | `handshake` | `ENV_CH` | `A_CH` | environment/MAC/SDN command |\r\n| `new_beam_confirmed` | handshake command | `handshake` | `ENV_MAC` | `A_BM` | environment/MAC/SDN command |\r\n| `payload_sensing_config` | handshake command | `handshake` | `ENV_MAC` | `A_SIG` | environment/MAC/SDN command |\r\n| `pilot_config` | handshake command | `handshake` | `ENV_MAC` | `A_SIG` | environment/MAC/SDN command |\r\n| `power_cmd` | handshake command | `handshake` | `ENV_MAC` | `A_CH` | environment/MAC/SDN command |\r\n| `prs_config` | handshake command | `handshake` | `ENV_MAC` | `A_SIG` | environment/MAC/SDN command |\r\n| `recovery_cmd` | handshake command | `handshake` | `ENV_MAC` | `A_BM`, `A_PH` | environment/MAC/SDN command |\r\n| `sensing_mode_cmd` | handshake command | `handshake` | `ENV_MAC` | `A_SIG` | environment/MAC/SDN command |\r\n| `ssb_burst_config` | handshake command | `handshake` | `ENV_MAC` | `A_BM` | environment/MAC/SDN command |\r\n| `waveform_config` | handshake command | `handshake` | `ENV_MAC` | `A_SIG` | environment/MAC/SDN command |\r\n', 'trace_explanation.md': b'# Trace Explanation\r\n\r\n- classification: `unknown`\r\n- parsed ok: `True`\r\n- result status: `satisfied`\r\n\r\n## Trace Facts\r\n\r\n- locations: `A_CH.ChannelAvailable`\r\n- syncs: `-`\r\n\r\n```json\r\n{}\r\n```\r\n', 'run_metadata.json': b'{\r\n  "run_id": "cache-5139cf0a628e5c00c0faf42d",\r\n  "created_at": "2026-10-04T00:28:05.215190+00:00",\r\n  "generator_version": "phy-generator-v0.6-readable-layout",\r\n  "cache_key": "5139cf0a628e5c00c0faf42d6b739e3dd1d0d634be132e34f27f5a23f085b86d",\r\n  "hashes": {\r\n    "source_hash": "93d6b1eb7b6bca56a4e3c72ee9104945c27941fad6bc401d0aa2d666bbc8e58f",\r\n    "contract_hash": "5d489986880536116a81aa57f342dec230d0eb44030869aaa23295697d87b705",\r\n    "model_hash": "a04ed8dfe1d6e75dc88eb904a99c62b4f58ff623e6739a62a3c194a32b6df620",\r\n    "query_hash": "96a0757a240f6a27b67cffc68bc6aff4866149d614eaf05e95e9c9945c244d53",\r\n    "profile_hash": "217ab9b96d6da367320a1bded98fe32de8989139f9cf9e8a78919b202fc3f3a4",\r\n    "result_hash": "d4c60637473469400d3b43262f66779ae127869dd411ef0e70806f4a45a7c0ab"\r\n  },\r\n  "verifyta": {\r\n    "version": "synthetic-test",\r\n    "command": [\r\n      "synthetic-verifyta",\r\n      "model.xml",\r\n      "queries.q"\r\n    ],\r\n    "options": [\r\n      "-o",\r\n      "1"\r\n    ]\r\n  },\r\n  "profile": {\r\n    "name": "default",\r\n    "source": "built-in",\r\n    "boundary_policy": "worse_class",\r\n    "parameter_synthesis": false,\r\n    "deadlines": {\r\n      "D_meas": 5,\r\n      "D_sig": 5,\r\n      "D_sense": 5,\r\n      "D_report": 5,\r\n      "D_BM": 5\r\n    }\r\n  },\r\n  "result_status": "satisfied"\r\n}'}

======================================================================
FAIL: test_interrupted_export_cannot_be_reported_as_cache_hit (test_phy_artifacts.PhyArtifactCacheTests.test_interrupted_export_cannot_be_reported_as_cache_hit)
----------------------------------------------------------------------
Traceback (most recent call last):
  File "C:\Users\musta\.codex\worktrees\7b60\mcp_uppaal\tests\test_phy_artifacts.py", line 178, in test_interrupted_export_cannot_be_reported_as_cache_hit
    with self.assertRaisesRegex(ValueError, "cache|Cache"):
AssertionError: ValueError not raised

======================================================================
FAIL: test_missing_or_changed_bundle_file_is_rejected_and_preserved (test_phy_artifacts.PhyArtifactCacheTests.test_missing_or_changed_bundle_file_is_rejected_and_preserved) (file='source.tex', action='missing')
----------------------------------------------------------------------
Traceback (most recent call last):
  File "C:\Users\musta\.codex\worktrees\7b60\mcp_uppaal\tests\test_phy_artifacts.py", line 125, in test_missing_or_changed_bundle_file_is_rejected_and_preserved
    with self.assertRaisesRegex(ValueError, "cache|Cache"):
AssertionError: ValueError not raised

======================================================================
FAIL: test_missing_or_changed_bundle_file_is_rejected_and_preserved (test_phy_artifacts.PhyArtifactCacheTests.test_missing_or_changed_bundle_file_is_rejected_and_preserved) (file='source.tex', action='changed')
----------------------------------------------------------------------
Traceback (most recent call last):
  File "C:\Users\musta\.codex\worktrees\7b60\mcp_uppaal\tests\test_phy_artifacts.py", line 125, in test_missing_or_changed_bundle_file_is_rejected_and_preserved
    with self.assertRaisesRegex(ValueError, "cache|Cache"):
AssertionError: ValueError not raised

======================================================================
FAIL: test_missing_or_changed_bundle_file_is_rejected_and_preserved (test_phy_artifacts.PhyArtifactCacheTests.test_missing_or_changed_bundle_file_is_rejected_and_preserved) (file='contract.json', action='missing')
----------------------------------------------------------------------
Traceback (most recent call last):
  File "C:\Users\musta\.codex\worktrees\7b60\mcp_uppaal\tests\test_phy_artifacts.py", line 125, in test_missing_or_changed_bundle_file_is_rejected_and_preserved
    with self.assertRaisesRegex(ValueError, "cache|Cache"):
AssertionError: ValueError not raised

======================================================================
FAIL: test_missing_or_changed_bundle_file_is_rejected_and_preserved (test_phy_artifacts.PhyArtifactCacheTests.test_missing_or_changed_bundle_file_is_rejected_and_preserved) (file='contract.json', action='changed')
----------------------------------------------------------------------
Traceback (most recent call last):
  File "C:\Users\musta\.codex\worktrees\7b60\mcp_uppaal\tests\test_phy_artifacts.py", line 125, in test_missing_or_changed_bundle_file_is_rejected_and_preserved
    with self.assertRaisesRegex(ValueError, "cache|Cache"):
AssertionError: ValueError not raised

======================================================================
FAIL: test_missing_or_changed_bundle_file_is_rejected_and_preserved (test_phy_artifacts.PhyArtifactCacheTests.test_missing_or_changed_bundle_file_is_rejected_and_preserved) (file='model.xml', action='missing')
----------------------------------------------------------------------
Traceback (most recent call last):
  File "C:\Users\musta\.codex\worktrees\7b60\mcp_uppaal\tests\test_phy_artifacts.py", line 125, in test_missing_or_changed_bundle_file_is_rejected_and_preserved
    with self.assertRaisesRegex(ValueError, "cache|Cache"):
AssertionError: ValueError not raised

======================================================================
FAIL: test_missing_or_changed_bundle_file_is_rejected_and_preserved (test_phy_artifacts.PhyArtifactCacheTests.test_missing_or_changed_bundle_file_is_rejected_and_preserved) (file='model.xml', action='changed')
----------------------------------------------------------------------
Traceback (most recent call last):
  File "C:\Users\musta\.codex\worktrees\7b60\mcp_uppaal\tests\test_phy_artifacts.py", line 125, in test_missing_or_changed_bundle_file_is_rejected_and_preserved
    with self.assertRaisesRegex(ValueError, "cache|Cache"):
AssertionError: ValueError not raised

======================================================================
FAIL: test_missing_or_changed_bundle_file_is_rejected_and_preserved (test_phy_artifacts.PhyArtifactCacheTests.test_missing_or_changed_bundle_file_is_rejected_and_preserved) (file='queries.q', action='missing')
----------------------------------------------------------------------
Traceback (most recent call last):
  File "C:\Users\musta\.codex\worktrees\7b60\mcp_uppaal\tests\test_phy_artifacts.py", line 125, in test_missing_or_changed_bundle_file_is_rejected_and_preserved
    with self.assertRaisesRegex(ValueError, "cache|Cache"):
AssertionError: ValueError not raised

======================================================================
FAIL: test_missing_or_changed_bundle_file_is_rejected_and_preserved (test_phy_artifacts.PhyArtifactCacheTests.test_missing_or_changed_bundle_file_is_rejected_and_preserved) (file='queries.q', action='changed')
----------------------------------------------------------------------
Traceback (most recent call last):
  File "C:\Users\musta\.codex\worktrees\7b60\mcp_uppaal\tests\test_phy_artifacts.py", line 125, in test_missing_or_changed_bundle_file_is_rejected_and_preserved
    with self.assertRaisesRegex(ValueError, "cache|Cache"):
AssertionError: ValueError not raised

======================================================================
FAIL: test_missing_or_changed_bundle_file_is_rejected_and_preserved (test_phy_artifacts.PhyArtifactCacheTests.test_missing_or_changed_bundle_file_is_rejected_and_preserved) (file='results.json', action='missing')
----------------------------------------------------------------------
Traceback (most recent call last):
  File "C:\Users\musta\.codex\worktrees\7b60\mcp_uppaal\tests\test_phy_artifacts.py", line 125, in test_missing_or_changed_bundle_file_is_rejected_and_preserved
    with self.assertRaisesRegex(ValueError, "cache|Cache"):
AssertionError: ValueError not raised

======================================================================
FAIL: test_missing_or_changed_bundle_file_is_rejected_and_preserved (test_phy_artifacts.PhyArtifactCacheTests.test_missing_or_changed_bundle_file_is_rejected_and_preserved) (file='results.json', action='changed')
----------------------------------------------------------------------
Traceback (most recent call last):
  File "C:\Users\musta\.codex\worktrees\7b60\mcp_uppaal\tests\test_phy_artifacts.py", line 125, in test_missing_or_changed_bundle_file_is_rejected_and_preserved
    with self.assertRaisesRegex(ValueError, "cache|Cache"):
AssertionError: ValueError not raised

======================================================================
FAIL: test_missing_or_changed_bundle_file_is_rejected_and_preserved (test_phy_artifacts.PhyArtifactCacheTests.test_missing_or_changed_bundle_file_is_rejected_and_preserved) (file='trace.txt', action='missing')
----------------------------------------------------------------------
Traceback (most recent call last):
  File "C:\Users\musta\.codex\worktrees\7b60\mcp_uppaal\tests\test_phy_artifacts.py", line 125, in test_missing_or_changed_bundle_file_is_rejected_and_preserved
    with self.assertRaisesRegex(ValueError, "cache|Cache"):
AssertionError: ValueError not raised

======================================================================
FAIL: test_missing_or_changed_bundle_file_is_rejected_and_preserved (test_phy_artifacts.PhyArtifactCacheTests.test_missing_or_changed_bundle_file_is_rejected_and_preserved) (file='trace.txt', action='changed')
----------------------------------------------------------------------
Traceback (most recent call last):
  File "C:\Users\musta\.codex\worktrees\7b60\mcp_uppaal\tests\test_phy_artifacts.py", line 125, in test_missing_or_changed_bundle_file_is_rejected_and_preserved
    with self.assertRaisesRegex(ValueError, "cache|Cache"):
AssertionError: ValueError not raised

======================================================================
FAIL: test_missing_or_changed_bundle_file_is_rejected_and_preserved (test_phy_artifacts.PhyArtifactCacheTests.test_missing_or_changed_bundle_file_is_rejected_and_preserved) (file='report.md', action='missing')
----------------------------------------------------------------------
Traceback (most recent call last):
  File "C:\Users\musta\.codex\worktrees\7b60\mcp_uppaal\tests\test_phy_artifacts.py", line 125, in test_missing_or_changed_bundle_file_is_rejected_and_preserved
    with self.assertRaisesRegex(ValueError, "cache|Cache"):
AssertionError: ValueError not raised

======================================================================
FAIL: test_missing_or_changed_bundle_file_is_rejected_and_preserved (test_phy_artifacts.PhyArtifactCacheTests.test_missing_or_changed_bundle_file_is_rejected_and_preserved) (file='report.md', action='changed')
----------------------------------------------------------------------
Traceback (most recent call last):
  File "C:\Users\musta\.codex\worktrees\7b60\mcp_uppaal\tests\test_phy_artifacts.py", line 125, in test_missing_or_changed_bundle_file_is_rejected_and_preserved
    with self.assertRaisesRegex(ValueError, "cache|Cache"):
AssertionError: ValueError not raised

======================================================================
FAIL: test_missing_or_changed_bundle_file_is_rejected_and_preserved (test_phy_artifacts.PhyArtifactCacheTests.test_missing_or_changed_bundle_file_is_rejected_and_preserved) (file='traceability_matrix.md', action='missing')
----------------------------------------------------------------------
Traceback (most recent call last):
  File "C:\Users\musta\.codex\worktrees\7b60\mcp_uppaal\tests\test_phy_artifacts.py", line 125, in test_missing_or_changed_bundle_file_is_rejected_and_preserved
    with self.assertRaisesRegex(ValueError, "cache|Cache"):
AssertionError: ValueError not raised

======================================================================
FAIL: test_missing_or_changed_bundle_file_is_rejected_and_preserved (test_phy_artifacts.PhyArtifactCacheTests.test_missing_or_changed_bundle_file_is_rejected_and_preserved) (file='traceability_matrix.md', action='changed')
----------------------------------------------------------------------
Traceback (most recent call last):
  File "C:\Users\musta\.codex\worktrees\7b60\mcp_uppaal\tests\test_phy_artifacts.py", line 125, in test_missing_or_changed_bundle_file_is_rejected_and_preserved
    with self.assertRaisesRegex(ValueError, "cache|Cache"):
AssertionError: ValueError not raised

======================================================================
FAIL: test_missing_or_changed_bundle_file_is_rejected_and_preserved (test_phy_artifacts.PhyArtifactCacheTests.test_missing_or_changed_bundle_file_is_rejected_and_preserved) (file='model_summary.md', action='missing')
----------------------------------------------------------------------
Traceback (most recent call last):
  File "C:\Users\musta\.codex\worktrees\7b60\mcp_uppaal\tests\test_phy_artifacts.py", line 125, in test_missing_or_changed_bundle_file_is_rejected_and_preserved
    with self.assertRaisesRegex(ValueError, "cache|Cache"):
AssertionError: ValueError not raised

======================================================================
FAIL: test_missing_or_changed_bundle_file_is_rejected_and_preserved (test_phy_artifacts.PhyArtifactCacheTests.test_missing_or_changed_bundle_file_is_rejected_and_preserved) (file='model_summary.md', action='changed')
----------------------------------------------------------------------
Traceback (most recent call last):
  File "C:\Users\musta\.codex\worktrees\7b60\mcp_uppaal\tests\test_phy_artifacts.py", line 125, in test_missing_or_changed_bundle_file_is_rejected_and_preserved
    with self.assertRaisesRegex(ValueError, "cache|Cache"):
AssertionError: ValueError not raised

======================================================================
FAIL: test_missing_or_changed_bundle_file_is_rejected_and_preserved (test_phy_artifacts.PhyArtifactCacheTests.test_missing_or_changed_bundle_file_is_rejected_and_preserved) (file='model_map.md', action='missing')
----------------------------------------------------------------------
Traceback (most recent call last):
  File "C:\Users\musta\.codex\worktrees\7b60\mcp_uppaal\tests\test_phy_artifacts.py", line 125, in test_missing_or_changed_bundle_file_is_rejected_and_preserved
    with self.assertRaisesRegex(ValueError, "cache|Cache"):
AssertionError: ValueError not raised

======================================================================
FAIL: test_missing_or_changed_bundle_file_is_rejected_and_preserved (test_phy_artifacts.PhyArtifactCacheTests.test_missing_or_changed_bundle_file_is_rejected_and_preserved) (file='model_map.md', action='changed')
----------------------------------------------------------------------
Traceback (most recent call last):
  File "C:\Users\musta\.codex\worktrees\7b60\mcp_uppaal\tests\test_phy_artifacts.py", line 125, in test_missing_or_changed_bundle_file_is_rejected_and_preserved
    with self.assertRaisesRegex(ValueError, "cache|Cache"):
AssertionError: ValueError not raised

======================================================================
FAIL: test_missing_or_changed_bundle_file_is_rejected_and_preserved (test_phy_artifacts.PhyArtifactCacheTests.test_missing_or_changed_bundle_file_is_rejected_and_preserved) (file='template_map.md', action='missing')
----------------------------------------------------------------------
Traceback (most recent call last):
  File "C:\Users\musta\.codex\worktrees\7b60\mcp_uppaal\tests\test_phy_artifacts.py", line 125, in test_missing_or_changed_bundle_file_is_rejected_and_preserved
    with self.assertRaisesRegex(ValueError, "cache|Cache"):
AssertionError: ValueError not raised

======================================================================
FAIL: test_missing_or_changed_bundle_file_is_rejected_and_preserved (test_phy_artifacts.PhyArtifactCacheTests.test_missing_or_changed_bundle_file_is_rejected_and_preserved) (file='template_map.md', action='changed')
----------------------------------------------------------------------
Traceback (most recent call last):
  File "C:\Users\musta\.codex\worktrees\7b60\mcp_uppaal\tests\test_phy_artifacts.py", line 125, in test_missing_or_changed_bundle_file_is_rejected_and_preserved
    with self.assertRaisesRegex(ValueError, "cache|Cache"):
AssertionError: ValueError not raised

======================================================================
FAIL: test_missing_or_changed_bundle_file_is_rejected_and_preserved (test_phy_artifacts.PhyArtifactCacheTests.test_missing_or_changed_bundle_file_is_rejected_and_preserved) (file='channels_map.md', action='missing')
----------------------------------------------------------------------
Traceback (most recent call last):
  File "C:\Users\musta\.codex\worktrees\7b60\mcp_uppaal\tests\test_phy_artifacts.py", line 125, in test_missing_or_changed_bundle_file_is_rejected_and_preserved
    with self.assertRaisesRegex(ValueError, "cache|Cache"):
AssertionError: ValueError not raised

======================================================================
FAIL: test_missing_or_changed_bundle_file_is_rejected_and_preserved (test_phy_artifacts.PhyArtifactCacheTests.test_missing_or_changed_bundle_file_is_rejected_and_preserved) (file='channels_map.md', action='changed')
----------------------------------------------------------------------
Traceback (most recent call last):
  File "C:\Users\musta\.codex\worktrees\7b60\mcp_uppaal\tests\test_phy_artifacts.py", line 125, in test_missing_or_changed_bundle_file_is_rejected_and_preserved
    with self.assertRaisesRegex(ValueError, "cache|Cache"):
AssertionError: ValueError not raised

======================================================================
FAIL: test_missing_or_changed_bundle_file_is_rejected_and_preserved (test_phy_artifacts.PhyArtifactCacheTests.test_missing_or_changed_bundle_file_is_rejected_and_preserved) (file='trace_explanation.md', action='missing')
----------------------------------------------------------------------
Traceback (most recent call last):
  File "C:\Users\musta\.codex\worktrees\7b60\mcp_uppaal\tests\test_phy_artifacts.py", line 125, in test_missing_or_changed_bundle_file_is_rejected_and_preserved
    with self.assertRaisesRegex(ValueError, "cache|Cache"):
AssertionError: ValueError not raised

======================================================================
FAIL: test_missing_or_changed_bundle_file_is_rejected_and_preserved (test_phy_artifacts.PhyArtifactCacheTests.test_missing_or_changed_bundle_file_is_rejected_and_preserved) (file='trace_explanation.md', action='changed')
----------------------------------------------------------------------
Traceback (most recent call last):
  File "C:\Users\musta\.codex\worktrees\7b60\mcp_uppaal\tests\test_phy_artifacts.py", line 125, in test_missing_or_changed_bundle_file_is_rejected_and_preserved
    with self.assertRaisesRegex(ValueError, "cache|Cache"):
AssertionError: ValueError not raised

======================================================================
FAIL: test_missing_or_changed_bundle_file_is_rejected_and_preserved (test_phy_artifacts.PhyArtifactCacheTests.test_missing_or_changed_bundle_file_is_rejected_and_preserved) (file='run_metadata.json', action='missing')
----------------------------------------------------------------------
Traceback (most recent call last):
  File "C:\Users\musta\.codex\worktrees\7b60\mcp_uppaal\tests\test_phy_artifacts.py", line 125, in test_missing_or_changed_bundle_file_is_rejected_and_preserved
    with self.assertRaisesRegex(ValueError, "cache|Cache"):
AssertionError: ValueError not raised

======================================================================
FAIL: test_missing_or_changed_bundle_file_is_rejected_and_preserved (test_phy_artifacts.PhyArtifactCacheTests.test_missing_or_changed_bundle_file_is_rejected_and_preserved) (file='run_metadata.json', action='changed')
----------------------------------------------------------------------
Traceback (most recent call last):
  File "C:\Users\musta\.codex\worktrees\7b60\mcp_uppaal\tests\test_phy_artifacts.py", line 125, in test_missing_or_changed_bundle_file_is_rejected_and_preserved
    with self.assertRaisesRegex(ValueError, "cache|Cache"):
AssertionError: ValueError not raised

======================================================================
FAIL: test_timeout_does_not_reuse_or_overwrite_success (test_phy_artifacts.PhyArtifactCacheTests.test_timeout_does_not_reuse_or_overwrite_success)
----------------------------------------------------------------------
Traceback (most recent call last):
  File "C:\Users\musta\.codex\worktrees\7b60\mcp_uppaal\tests\test_phy_artifacts.py", line 57, in test_timeout_does_not_reuse_or_overwrite_success
    self.assertFalse(second["cache_hit"])
AssertionError: True is not false

----------------------------------------------------------------------
Ran 11 tests in 8.321s

FAILED (failures=43, errors=2)
